--
-- PostgreSQL database dump
--

-- Dumped from database version 15.0
-- Dumped by pg_dump version 15.0

SET statement_timeout = 0;
SET lock_timeout = 0;
SET idle_in_transaction_session_timeout = 0;
SET client_encoding = 'UTF8';
SET standard_conforming_strings = on;
SELECT pg_catalog.set_config('search_path', '', false);
SET check_function_bodies = false;
SET xmloption = content;
SET client_min_messages = warning;
SET row_security = off;

SET default_tablespace = '';

SET default_table_access_method = heap;

--
-- Name: auth_group; Type: TABLE; Schema: public; Owner: postgres
--

CREATE TABLE public.auth_group (
    id integer NOT NULL,
    name character varying(150) NOT NULL
);


ALTER TABLE public.auth_group OWNER TO postgres;

--
-- Name: auth_group_id_seq; Type: SEQUENCE; Schema: public; Owner: postgres
--

ALTER TABLE public.auth_group ALTER COLUMN id ADD GENERATED BY DEFAULT AS IDENTITY (
    SEQUENCE NAME public.auth_group_id_seq
    START WITH 1
    INCREMENT BY 1
    NO MINVALUE
    NO MAXVALUE
    CACHE 1
);


--
-- Name: auth_group_permissions; Type: TABLE; Schema: public; Owner: postgres
--

CREATE TABLE public.auth_group_permissions (
    id bigint NOT NULL,
    group_id integer NOT NULL,
    permission_id integer NOT NULL
);


ALTER TABLE public.auth_group_permissions OWNER TO postgres;

--
-- Name: auth_group_permissions_id_seq; Type: SEQUENCE; Schema: public; Owner: postgres
--

ALTER TABLE public.auth_group_permissions ALTER COLUMN id ADD GENERATED BY DEFAULT AS IDENTITY (
    SEQUENCE NAME public.auth_group_permissions_id_seq
    START WITH 1
    INCREMENT BY 1
    NO MINVALUE
    NO MAXVALUE
    CACHE 1
);


--
-- Name: auth_permission; Type: TABLE; Schema: public; Owner: postgres
--

CREATE TABLE public.auth_permission (
    id integer NOT NULL,
    name character varying(255) NOT NULL,
    content_type_id integer NOT NULL,
    codename character varying(100) NOT NULL
);


ALTER TABLE public.auth_permission OWNER TO postgres;

--
-- Name: auth_permission_id_seq; Type: SEQUENCE; Schema: public; Owner: postgres
--

ALTER TABLE public.auth_permission ALTER COLUMN id ADD GENERATED BY DEFAULT AS IDENTITY (
    SEQUENCE NAME public.auth_permission_id_seq
    START WITH 1
    INCREMENT BY 1
    NO MINVALUE
    NO MAXVALUE
    CACHE 1
);


--
-- Name: auth_user; Type: TABLE; Schema: public; Owner: postgres
--

CREATE TABLE public.auth_user (
    id integer NOT NULL,
    password character varying(128) NOT NULL,
    last_login timestamp with time zone,
    is_superuser boolean NOT NULL,
    username character varying(150) NOT NULL,
    first_name character varying(150) NOT NULL,
    last_name character varying(150) NOT NULL,
    email character varying(254) NOT NULL,
    is_staff boolean NOT NULL,
    is_active boolean NOT NULL,
    date_joined timestamp with time zone NOT NULL
);


ALTER TABLE public.auth_user OWNER TO postgres;

--
-- Name: auth_user_groups; Type: TABLE; Schema: public; Owner: postgres
--

CREATE TABLE public.auth_user_groups (
    id bigint NOT NULL,
    user_id integer NOT NULL,
    group_id integer NOT NULL
);


ALTER TABLE public.auth_user_groups OWNER TO postgres;

--
-- Name: auth_user_groups_id_seq; Type: SEQUENCE; Schema: public; Owner: postgres
--

ALTER TABLE public.auth_user_groups ALTER COLUMN id ADD GENERATED BY DEFAULT AS IDENTITY (
    SEQUENCE NAME public.auth_user_groups_id_seq
    START WITH 1
    INCREMENT BY 1
    NO MINVALUE
    NO MAXVALUE
    CACHE 1
);


--
-- Name: auth_user_id_seq; Type: SEQUENCE; Schema: public; Owner: postgres
--

ALTER TABLE public.auth_user ALTER COLUMN id ADD GENERATED BY DEFAULT AS IDENTITY (
    SEQUENCE NAME public.auth_user_id_seq
    START WITH 1
    INCREMENT BY 1
    NO MINVALUE
    NO MAXVALUE
    CACHE 1
);


--
-- Name: auth_user_user_permissions; Type: TABLE; Schema: public; Owner: postgres
--

CREATE TABLE public.auth_user_user_permissions (
    id bigint NOT NULL,
    user_id integer NOT NULL,
    permission_id integer NOT NULL
);


ALTER TABLE public.auth_user_user_permissions OWNER TO postgres;

--
-- Name: auth_user_user_permissions_id_seq; Type: SEQUENCE; Schema: public; Owner: postgres
--

ALTER TABLE public.auth_user_user_permissions ALTER COLUMN id ADD GENERATED BY DEFAULT AS IDENTITY (
    SEQUENCE NAME public.auth_user_user_permissions_id_seq
    START WITH 1
    INCREMENT BY 1
    NO MINVALUE
    NO MAXVALUE
    CACHE 1
);


--
-- Name: authtoken_token; Type: TABLE; Schema: public; Owner: postgres
--

CREATE TABLE public.authtoken_token (
    key character varying(40) NOT NULL,
    created timestamp with time zone NOT NULL,
    user_id integer NOT NULL
);


ALTER TABLE public.authtoken_token OWNER TO postgres;

--
-- Name: django_admin_log; Type: TABLE; Schema: public; Owner: postgres
--

CREATE TABLE public.django_admin_log (
    id integer NOT NULL,
    action_time timestamp with time zone NOT NULL,
    object_id text,
    object_repr character varying(200) NOT NULL,
    action_flag smallint NOT NULL,
    change_message text NOT NULL,
    content_type_id integer,
    user_id integer NOT NULL,
    CONSTRAINT django_admin_log_action_flag_check CHECK ((action_flag >= 0))
);


ALTER TABLE public.django_admin_log OWNER TO postgres;

--
-- Name: django_admin_log_id_seq; Type: SEQUENCE; Schema: public; Owner: postgres
--

ALTER TABLE public.django_admin_log ALTER COLUMN id ADD GENERATED BY DEFAULT AS IDENTITY (
    SEQUENCE NAME public.django_admin_log_id_seq
    START WITH 1
    INCREMENT BY 1
    NO MINVALUE
    NO MAXVALUE
    CACHE 1
);


--
-- Name: django_content_type; Type: TABLE; Schema: public; Owner: postgres
--

CREATE TABLE public.django_content_type (
    id integer NOT NULL,
    app_label character varying(100) NOT NULL,
    model character varying(100) NOT NULL
);


ALTER TABLE public.django_content_type OWNER TO postgres;

--
-- Name: django_content_type_id_seq; Type: SEQUENCE; Schema: public; Owner: postgres
--

ALTER TABLE public.django_content_type ALTER COLUMN id ADD GENERATED BY DEFAULT AS IDENTITY (
    SEQUENCE NAME public.django_content_type_id_seq
    START WITH 1
    INCREMENT BY 1
    NO MINVALUE
    NO MAXVALUE
    CACHE 1
);


--
-- Name: django_migrations; Type: TABLE; Schema: public; Owner: postgres
--

CREATE TABLE public.django_migrations (
    id bigint NOT NULL,
    app character varying(255) NOT NULL,
    name character varying(255) NOT NULL,
    applied timestamp with time zone NOT NULL
);


ALTER TABLE public.django_migrations OWNER TO postgres;

--
-- Name: django_migrations_id_seq; Type: SEQUENCE; Schema: public; Owner: postgres
--

ALTER TABLE public.django_migrations ALTER COLUMN id ADD GENERATED BY DEFAULT AS IDENTITY (
    SEQUENCE NAME public.django_migrations_id_seq
    START WITH 1
    INCREMENT BY 1
    NO MINVALUE
    NO MAXVALUE
    CACHE 1
);


--
-- Name: django_session; Type: TABLE; Schema: public; Owner: postgres
--

CREATE TABLE public.django_session (
    session_key character varying(40) NOT NULL,
    session_data text NOT NULL,
    expire_date timestamp with time zone NOT NULL
);


ALTER TABLE public.django_session OWNER TO postgres;

--
-- Name: e_cash_admin; Type: TABLE; Schema: public; Owner: postgres
--

CREATE TABLE public.e_cash_admin (
    admin_id character varying(64) NOT NULL,
    username character varying(20) NOT NULL,
    time_created timestamp with time zone NOT NULL,
    password text NOT NULL
);


ALTER TABLE public.e_cash_admin OWNER TO postgres;

--
-- Name: e_cash_atm; Type: TABLE; Schema: public; Owner: postgres
--

CREATE TABLE public.e_cash_atm (
    atm_id character varying(64) NOT NULL,
    location character varying(20) NOT NULL,
    atm_balance double precision NOT NULL
);


ALTER TABLE public.e_cash_atm OWNER TO postgres;

--
-- Name: e_cash_atmtransactaccount; Type: TABLE; Schema: public; Owner: postgres
--

CREATE TABLE public.e_cash_atmtransactaccount (
    id bigint NOT NULL,
    atm_id_id character varying(64) NOT NULL,
    account_number_id character varying(86) NOT NULL,
    emp_matricle_id character varying(80),
    transaction_id_id character varying(86) NOT NULL
);


ALTER TABLE public.e_cash_atmtransactaccount OWNER TO postgres;

--
-- Name: e_cash_atmtransactaccount_id_seq; Type: SEQUENCE; Schema: public; Owner: postgres
--

ALTER TABLE public.e_cash_atmtransactaccount ALTER COLUMN id ADD GENERATED BY DEFAULT AS IDENTITY (
    SEQUENCE NAME public.e_cash_atmtransactaccount_id_seq
    START WITH 1
    INCREMENT BY 1
    NO MINVALUE
    NO MAXVALUE
    CACHE 1
);


--
-- Name: e_cash_bankcard; Type: TABLE; Schema: public; Owner: postgres
--

CREATE TABLE public.e_cash_bankcard (
    account_number character varying(86) NOT NULL,
    balance double precision NOT NULL,
    client_id character varying(120) NOT NULL
);


ALTER TABLE public.e_cash_bankcard OWNER TO postgres;

--
-- Name: e_cash_client; Type: TABLE; Schema: public; Owner: postgres
--

CREATE TABLE public.e_cash_client (
    client_id character varying(120) NOT NULL,
    username character varying(100) NOT NULL,
    email character varying(50) NOT NULL,
    time_created timestamp with time zone NOT NULL,
    password text NOT NULL,
    status character varying(20) NOT NULL,
    tel bigint NOT NULL,
    CONSTRAINT e_cash_client_tel_check CHECK ((tel >= 0))
);


ALTER TABLE public.e_cash_client OWNER TO postgres;

--
-- Name: e_cash_documents; Type: TABLE; Schema: public; Owner: postgres
--

CREATE TABLE public.e_cash_documents (
    document_id character varying(120) NOT NULL,
    doc character varying(100) NOT NULL,
    transaction_id_id character varying(86) NOT NULL
);


ALTER TABLE public.e_cash_documents OWNER TO postgres;

--
-- Name: e_cash_employee; Type: TABLE; Schema: public; Owner: postgres
--

CREATE TABLE public.e_cash_employee (
    matricle character varying(80) NOT NULL,
    username character varying(100) NOT NULL,
    email character varying(50) NOT NULL,
    time_created timestamp with time zone NOT NULL,
    password text NOT NULL,
    status character varying(20) NOT NULL,
    tel bigint NOT NULL,
    CONSTRAINT e_cash_employee_tel_check CHECK ((tel >= 0))
);


ALTER TABLE public.e_cash_employee OWNER TO postgres;

--
-- Name: e_cash_historicaladmin; Type: TABLE; Schema: public; Owner: postgres
--

CREATE TABLE public.e_cash_historicaladmin (
    admin_id character varying(64) NOT NULL,
    username character varying(20) NOT NULL,
    time_created timestamp with time zone NOT NULL,
    password text NOT NULL,
    history_id integer NOT NULL,
    history_date timestamp with time zone NOT NULL,
    history_change_reason character varying(100),
    history_type character varying(1) NOT NULL,
    history_user_id integer
);


ALTER TABLE public.e_cash_historicaladmin OWNER TO postgres;

--
-- Name: e_cash_historicaladmin_history_id_seq; Type: SEQUENCE; Schema: public; Owner: postgres
--

ALTER TABLE public.e_cash_historicaladmin ALTER COLUMN history_id ADD GENERATED BY DEFAULT AS IDENTITY (
    SEQUENCE NAME public.e_cash_historicaladmin_history_id_seq
    START WITH 1
    INCREMENT BY 1
    NO MINVALUE
    NO MAXVALUE
    CACHE 1
);


--
-- Name: e_cash_historicalatm; Type: TABLE; Schema: public; Owner: postgres
--

CREATE TABLE public.e_cash_historicalatm (
    atm_id character varying(64) NOT NULL,
    location character varying(20) NOT NULL,
    atm_balance double precision NOT NULL,
    history_id integer NOT NULL,
    history_date timestamp with time zone NOT NULL,
    history_change_reason character varying(100),
    history_type character varying(1) NOT NULL,
    history_user_id integer
);


ALTER TABLE public.e_cash_historicalatm OWNER TO postgres;

--
-- Name: e_cash_historicalatm_history_id_seq; Type: SEQUENCE; Schema: public; Owner: postgres
--

ALTER TABLE public.e_cash_historicalatm ALTER COLUMN history_id ADD GENERATED BY DEFAULT AS IDENTITY (
    SEQUENCE NAME public.e_cash_historicalatm_history_id_seq
    START WITH 1
    INCREMENT BY 1
    NO MINVALUE
    NO MAXVALUE
    CACHE 1
);


--
-- Name: e_cash_historicalatmtransactaccount; Type: TABLE; Schema: public; Owner: postgres
--

CREATE TABLE public.e_cash_historicalatmtransactaccount (
    id bigint NOT NULL,
    history_id integer NOT NULL,
    history_date timestamp with time zone NOT NULL,
    history_change_reason character varying(100),
    history_type character varying(1) NOT NULL,
    account_number_id character varying(86),
    atm_id_id character varying(64),
    emp_matricle_id character varying(80),
    history_user_id integer,
    transaction_id_id character varying(86)
);


ALTER TABLE public.e_cash_historicalatmtransactaccount OWNER TO postgres;

--
-- Name: e_cash_historicalatmtransactaccount_history_id_seq; Type: SEQUENCE; Schema: public; Owner: postgres
--

ALTER TABLE public.e_cash_historicalatmtransactaccount ALTER COLUMN history_id ADD GENERATED BY DEFAULT AS IDENTITY (
    SEQUENCE NAME public.e_cash_historicalatmtransactaccount_history_id_seq
    START WITH 1
    INCREMENT BY 1
    NO MINVALUE
    NO MAXVALUE
    CACHE 1
);


--
-- Name: e_cash_historicalbankcard; Type: TABLE; Schema: public; Owner: postgres
--

CREATE TABLE public.e_cash_historicalbankcard (
    account_number character varying(86) NOT NULL,
    balance double precision NOT NULL,
    history_id integer NOT NULL,
    history_date timestamp with time zone NOT NULL,
    history_change_reason character varying(100),
    history_type character varying(1) NOT NULL,
    client_id character varying(120),
    history_user_id integer
);


ALTER TABLE public.e_cash_historicalbankcard OWNER TO postgres;

--
-- Name: e_cash_historicalbankcard_history_id_seq; Type: SEQUENCE; Schema: public; Owner: postgres
--

ALTER TABLE public.e_cash_historicalbankcard ALTER COLUMN history_id ADD GENERATED BY DEFAULT AS IDENTITY (
    SEQUENCE NAME public.e_cash_historicalbankcard_history_id_seq
    START WITH 1
    INCREMENT BY 1
    NO MINVALUE
    NO MAXVALUE
    CACHE 1
);


--
-- Name: e_cash_historicalclient; Type: TABLE; Schema: public; Owner: postgres
--

CREATE TABLE public.e_cash_historicalclient (
    client_id character varying(120) NOT NULL,
    username character varying(100) NOT NULL,
    email character varying(50) NOT NULL,
    time_created timestamp with time zone NOT NULL,
    password text NOT NULL,
    status character varying(20) NOT NULL,
    tel bigint NOT NULL,
    history_id integer NOT NULL,
    history_date timestamp with time zone NOT NULL,
    history_change_reason character varying(100),
    history_type character varying(1) NOT NULL,
    history_user_id integer,
    CONSTRAINT e_cash_historicalclient_tel_check CHECK ((tel >= 0))
);


ALTER TABLE public.e_cash_historicalclient OWNER TO postgres;

--
-- Name: e_cash_historicalclient_history_id_seq; Type: SEQUENCE; Schema: public; Owner: postgres
--

ALTER TABLE public.e_cash_historicalclient ALTER COLUMN history_id ADD GENERATED BY DEFAULT AS IDENTITY (
    SEQUENCE NAME public.e_cash_historicalclient_history_id_seq
    START WITH 1
    INCREMENT BY 1
    NO MINVALUE
    NO MAXVALUE
    CACHE 1
);


--
-- Name: e_cash_historicaldocuments; Type: TABLE; Schema: public; Owner: postgres
--

CREATE TABLE public.e_cash_historicaldocuments (
    document_id character varying(120) NOT NULL,
    doc text NOT NULL,
    history_id integer NOT NULL,
    history_date timestamp with time zone NOT NULL,
    history_change_reason character varying(100),
    history_type character varying(1) NOT NULL,
    history_user_id integer,
    transaction_id_id character varying(86)
);


ALTER TABLE public.e_cash_historicaldocuments OWNER TO postgres;

--
-- Name: e_cash_historicaldocuments_history_id_seq; Type: SEQUENCE; Schema: public; Owner: postgres
--

ALTER TABLE public.e_cash_historicaldocuments ALTER COLUMN history_id ADD GENERATED BY DEFAULT AS IDENTITY (
    SEQUENCE NAME public.e_cash_historicaldocuments_history_id_seq
    START WITH 1
    INCREMENT BY 1
    NO MINVALUE
    NO MAXVALUE
    CACHE 1
);


--
-- Name: e_cash_historicalemployee; Type: TABLE; Schema: public; Owner: postgres
--

CREATE TABLE public.e_cash_historicalemployee (
    matricle character varying(80) NOT NULL,
    username character varying(100) NOT NULL,
    email character varying(50) NOT NULL,
    time_created timestamp with time zone NOT NULL,
    password text NOT NULL,
    status character varying(20) NOT NULL,
    tel bigint NOT NULL,
    history_id integer NOT NULL,
    history_date timestamp with time zone NOT NULL,
    history_change_reason character varying(100),
    history_type character varying(1) NOT NULL,
    history_user_id integer,
    CONSTRAINT e_cash_historicalemployee_tel_check CHECK ((tel >= 0))
);


ALTER TABLE public.e_cash_historicalemployee OWNER TO postgres;

--
-- Name: e_cash_historicalemployee_history_id_seq; Type: SEQUENCE; Schema: public; Owner: postgres
--

ALTER TABLE public.e_cash_historicalemployee ALTER COLUMN history_id ADD GENERATED BY DEFAULT AS IDENTITY (
    SEQUENCE NAME public.e_cash_historicalemployee_history_id_seq
    START WITH 1
    INCREMENT BY 1
    NO MINVALUE
    NO MAXVALUE
    CACHE 1
);


--
-- Name: e_cash_historicaltransaction; Type: TABLE; Schema: public; Owner: postgres
--

CREATE TABLE public.e_cash_historicaltransaction (
    transaction_id character varying(86) NOT NULL,
    transaction_type character varying(20) NOT NULL,
    transaction_date timestamp with time zone NOT NULL,
    transaction_amount double precision NOT NULL,
    history_id integer NOT NULL,
    history_date timestamp with time zone NOT NULL,
    history_change_reason character varying(100),
    history_type character varying(1) NOT NULL,
    history_user_id integer
);


ALTER TABLE public.e_cash_historicaltransaction OWNER TO postgres;

--
-- Name: e_cash_historicaltransaction_history_id_seq; Type: SEQUENCE; Schema: public; Owner: postgres
--

ALTER TABLE public.e_cash_historicaltransaction ALTER COLUMN history_id ADD GENERATED BY DEFAULT AS IDENTITY (
    SEQUENCE NAME public.e_cash_historicaltransaction_history_id_seq
    START WITH 1
    INCREMENT BY 1
    NO MINVALUE
    NO MAXVALUE
    CACHE 1
);


--
-- Name: e_cash_historicaltransactionaccount; Type: TABLE; Schema: public; Owner: postgres
--

CREATE TABLE public.e_cash_historicaltransactionaccount (
    id bigint NOT NULL,
    history_id integer NOT NULL,
    history_date timestamp with time zone NOT NULL,
    history_change_reason character varying(100),
    history_type character varying(1) NOT NULL,
    account_number_id character varying(86),
    emp_matricle_id character varying(80),
    history_user_id integer,
    transaction_id_id character varying(86)
);


ALTER TABLE public.e_cash_historicaltransactionaccount OWNER TO postgres;

--
-- Name: e_cash_historicaltransactionaccount_history_id_seq; Type: SEQUENCE; Schema: public; Owner: postgres
--

ALTER TABLE public.e_cash_historicaltransactionaccount ALTER COLUMN history_id ADD GENERATED BY DEFAULT AS IDENTITY (
    SEQUENCE NAME public.e_cash_historicaltransactionaccount_history_id_seq
    START WITH 1
    INCREMENT BY 1
    NO MINVALUE
    NO MAXVALUE
    CACHE 1
);


--
-- Name: e_cash_transaction; Type: TABLE; Schema: public; Owner: postgres
--

CREATE TABLE public.e_cash_transaction (
    transaction_id character varying(86) NOT NULL,
    transaction_type character varying(20) NOT NULL,
    transaction_date timestamp with time zone NOT NULL,
    transaction_amount double precision NOT NULL
);


ALTER TABLE public.e_cash_transaction OWNER TO postgres;

--
-- Name: e_cash_transactionaccount; Type: TABLE; Schema: public; Owner: postgres
--

CREATE TABLE public.e_cash_transactionaccount (
    id bigint NOT NULL,
    account_number_id character varying(86) NOT NULL,
    emp_matricle_id character varying(80) NOT NULL,
    transaction_id_id character varying(86) NOT NULL
);


ALTER TABLE public.e_cash_transactionaccount OWNER TO postgres;

--
-- Name: e_cash_transactionaccount_id_seq; Type: SEQUENCE; Schema: public; Owner: postgres
--

ALTER TABLE public.e_cash_transactionaccount ALTER COLUMN id ADD GENERATED BY DEFAULT AS IDENTITY (
    SEQUENCE NAME public.e_cash_transactionaccount_id_seq
    START WITH 1
    INCREMENT BY 1
    NO MINVALUE
    NO MAXVALUE
    CACHE 1
);


--
-- Data for Name: auth_group; Type: TABLE DATA; Schema: public; Owner: postgres
--

COPY public.auth_group (id, name) FROM stdin;
\.


--
-- Data for Name: auth_group_permissions; Type: TABLE DATA; Schema: public; Owner: postgres
--

COPY public.auth_group_permissions (id, group_id, permission_id) FROM stdin;
\.


--
-- Data for Name: auth_permission; Type: TABLE DATA; Schema: public; Owner: postgres
--

COPY public.auth_permission (id, name, content_type_id, codename) FROM stdin;
1	Can add log entry	1	add_logentry
2	Can change log entry	1	change_logentry
3	Can delete log entry	1	delete_logentry
4	Can view log entry	1	view_logentry
5	Can add permission	2	add_permission
6	Can change permission	2	change_permission
7	Can delete permission	2	delete_permission
8	Can view permission	2	view_permission
9	Can add group	3	add_group
10	Can change group	3	change_group
11	Can delete group	3	delete_group
12	Can view group	3	view_group
13	Can add user	4	add_user
14	Can change user	4	change_user
15	Can delete user	4	delete_user
16	Can view user	4	view_user
17	Can add content type	5	add_contenttype
18	Can change content type	5	change_contenttype
19	Can delete content type	5	delete_contenttype
20	Can view content type	5	view_contenttype
21	Can add session	6	add_session
22	Can change session	6	change_session
23	Can delete session	6	delete_session
24	Can view session	6	view_session
25	Can add Token	7	add_token
26	Can change Token	7	change_token
27	Can delete Token	7	delete_token
28	Can view Token	7	view_token
29	Can add Token	8	add_tokenproxy
30	Can change Token	8	change_tokenproxy
31	Can delete Token	8	delete_tokenproxy
32	Can view Token	8	view_tokenproxy
33	Can add admin	9	add_admin
34	Can change admin	9	change_admin
35	Can delete admin	9	delete_admin
36	Can view admin	9	view_admin
37	Can add atm	10	add_atm
38	Can change atm	10	change_atm
39	Can delete atm	10	delete_atm
40	Can view atm	10	view_atm
41	Can add client	11	add_client
42	Can change client	11	change_client
43	Can delete client	11	delete_client
44	Can view client	11	view_client
45	Can add employee	12	add_employee
46	Can change employee	12	change_employee
47	Can delete employee	12	delete_employee
48	Can view employee	12	view_employee
49	Can add transaction	13	add_transaction
50	Can change transaction	13	change_transaction
51	Can delete transaction	13	delete_transaction
52	Can view transaction	13	view_transaction
53	Can add bank card	14	add_bankcard
54	Can change bank card	14	change_bankcard
55	Can delete bank card	14	delete_bankcard
56	Can view bank card	14	view_bankcard
57	Can add historical admin	15	add_historicaladmin
58	Can change historical admin	15	change_historicaladmin
59	Can delete historical admin	15	delete_historicaladmin
60	Can view historical admin	15	view_historicaladmin
61	Can add historical atm	16	add_historicalatm
62	Can change historical atm	16	change_historicalatm
63	Can delete historical atm	16	delete_historicalatm
64	Can view historical atm	16	view_historicalatm
65	Can add historical bank card	17	add_historicalbankcard
66	Can change historical bank card	17	change_historicalbankcard
67	Can delete historical bank card	17	delete_historicalbankcard
68	Can view historical bank card	17	view_historicalbankcard
69	Can add historical client	18	add_historicalclient
70	Can change historical client	18	change_historicalclient
71	Can delete historical client	18	delete_historicalclient
72	Can view historical client	18	view_historicalclient
73	Can add historical employee	19	add_historicalemployee
74	Can change historical employee	19	change_historicalemployee
75	Can delete historical employee	19	delete_historicalemployee
76	Can view historical employee	19	view_historicalemployee
77	Can add historical transaction	20	add_historicaltransaction
78	Can change historical transaction	20	change_historicaltransaction
79	Can delete historical transaction	20	delete_historicaltransaction
80	Can view historical transaction	20	view_historicaltransaction
81	Can add historical documents	21	add_historicaldocuments
82	Can change historical documents	21	change_historicaldocuments
83	Can delete historical documents	21	delete_historicaldocuments
84	Can view historical documents	21	view_historicaldocuments
85	Can add documents	22	add_documents
86	Can change documents	22	change_documents
87	Can delete documents	22	delete_documents
88	Can view documents	22	view_documents
89	Can add atm transact account	23	add_atmtransactaccount
90	Can change atm transact account	23	change_atmtransactaccount
91	Can delete atm transact account	23	delete_atmtransactaccount
92	Can view atm transact account	23	view_atmtransactaccount
93	Can add transaction account	24	add_transactionaccount
94	Can change transaction account	24	change_transactionaccount
95	Can delete transaction account	24	delete_transactionaccount
96	Can view transaction account	24	view_transactionaccount
97	Can add historical atm transact account	25	add_historicalatmtransactaccount
98	Can change historical atm transact account	25	change_historicalatmtransactaccount
99	Can delete historical atm transact account	25	delete_historicalatmtransactaccount
100	Can view historical atm transact account	25	view_historicalatmtransactaccount
101	Can add historical transaction account	26	add_historicaltransactionaccount
102	Can change historical transaction account	26	change_historicaltransactionaccount
103	Can delete historical transaction account	26	delete_historicaltransactionaccount
104	Can view historical transaction account	26	view_historicaltransactionaccount
\.


--
-- Data for Name: auth_user; Type: TABLE DATA; Schema: public; Owner: postgres
--

COPY public.auth_user (id, password, last_login, is_superuser, username, first_name, last_name, email, is_staff, is_active, date_joined) FROM stdin;
19	admin	\N	f	Admin				f	t	2024-06-02 16:02:36.177839+02
20	12345	\N	f	Ange Kamga				f	t	2024-06-02 16:23:43.673689+02
21	stephanie	\N	f	Ida Stephanie				f	t	2024-06-02 16:27:30.26864+02
\.


--
-- Data for Name: auth_user_groups; Type: TABLE DATA; Schema: public; Owner: postgres
--

COPY public.auth_user_groups (id, user_id, group_id) FROM stdin;
\.


--
-- Data for Name: auth_user_user_permissions; Type: TABLE DATA; Schema: public; Owner: postgres
--

COPY public.auth_user_user_permissions (id, user_id, permission_id) FROM stdin;
\.


--
-- Data for Name: authtoken_token; Type: TABLE DATA; Schema: public; Owner: postgres
--

COPY public.authtoken_token (key, created, user_id) FROM stdin;
5ff5eed16f006773862aabdfa90d430fb472f976	2024-06-02 16:02:36.313754+02	19
b1b0569c1bd8821f3fe5e3059e7ae1dce9e31508	2024-06-02 16:23:43.772831+02	20
f10b1a6cfa6a07b754d5e2900540e6b85cf8f7ad	2024-06-02 16:27:30.275636+02	21
\.


--
-- Data for Name: django_admin_log; Type: TABLE DATA; Schema: public; Owner: postgres
--

COPY public.django_admin_log (id, action_time, object_id, object_repr, action_flag, change_message, content_type_id, user_id) FROM stdin;
\.


--
-- Data for Name: django_content_type; Type: TABLE DATA; Schema: public; Owner: postgres
--

COPY public.django_content_type (id, app_label, model) FROM stdin;
1	admin	logentry
2	auth	permission
3	auth	group
4	auth	user
5	contenttypes	contenttype
6	sessions	session
7	authtoken	token
8	authtoken	tokenproxy
9	e_cash	admin
10	e_cash	atm
11	e_cash	client
12	e_cash	employee
13	e_cash	transaction
14	e_cash	bankcard
15	e_cash	historicaladmin
16	e_cash	historicalatm
17	e_cash	historicalbankcard
18	e_cash	historicalclient
19	e_cash	historicalemployee
20	e_cash	historicaltransaction
21	e_cash	historicaldocuments
22	e_cash	documents
23	e_cash	atmtransactaccount
24	e_cash	transactionaccount
25	e_cash	historicalatmtransactaccount
26	e_cash	historicaltransactionaccount
\.


--
-- Data for Name: django_migrations; Type: TABLE DATA; Schema: public; Owner: postgres
--

COPY public.django_migrations (id, app, name, applied) FROM stdin;
1	contenttypes	0001_initial	2024-05-31 21:53:19.44452+02
2	auth	0001_initial	2024-05-31 21:53:21.463717+02
3	admin	0001_initial	2024-05-31 21:53:21.811366+02
4	admin	0002_logentry_remove_auto_add	2024-05-31 21:53:21.831361+02
5	admin	0003_logentry_add_action_flag_choices	2024-05-31 21:53:21.871357+02
6	contenttypes	0002_remove_content_type_name	2024-05-31 21:53:21.929401+02
7	auth	0002_alter_permission_name_max_length	2024-05-31 21:53:21.939499+02
8	auth	0003_alter_user_email_max_length	2024-05-31 21:53:21.949496+02
9	auth	0004_alter_user_username_opts	2024-05-31 21:53:21.959495+02
10	auth	0005_alter_user_last_login_null	2024-05-31 21:53:21.969494+02
11	auth	0006_require_contenttypes_0002	2024-05-31 21:53:21.969494+02
12	auth	0007_alter_validators_add_error_messages	2024-05-31 21:53:21.979492+02
13	auth	0008_alter_user_username_max_length	2024-05-31 21:53:22.104477+02
14	auth	0009_alter_user_last_name_max_length	2024-05-31 21:53:22.131989+02
15	auth	0010_alter_group_name_max_length	2024-05-31 21:53:22.141989+02
16	auth	0011_update_proxy_permissions	2024-05-31 21:53:22.152336+02
17	auth	0012_alter_user_first_name_max_length	2024-05-31 21:53:22.167333+02
18	authtoken	0001_initial	2024-05-31 21:53:22.317316+02
19	authtoken	0002_auto_20160226_1747	2024-05-31 21:53:22.342315+02
20	authtoken	0003_tokenproxy	2024-05-31 21:53:22.417305+02
21	authtoken	0004_alter_tokenproxy_options	2024-05-31 21:53:22.422305+02
22	e_cash	0001_initial	2024-05-31 21:53:30.278935+02
23	sessions	0001_initial	2024-05-31 21:53:30.668483+02
24	e_cash	0002_alter_admin_admin_id_alter_client_client_id_and_more	2024-05-31 21:58:32.531442+02
25	e_cash	0003_remove_bankcard_account_type_remove_bankcard_id_and_more	2024-05-31 22:07:14.788796+02
26	e_cash	0004_alter_admin_admin_id_alter_bankcard_account_number_and_more	2024-05-31 22:11:10.77441+02
27	e_cash	0005_remove_employee_id_remove_historicalemployee_id_and_more	2024-06-01 12:04:25.664166+02
28	e_cash	0006_alter_admin_admin_id_alter_historicaladmin_admin_id	2024-06-01 12:06:46.943683+02
29	e_cash	0007_alter_admin_admin_id_alter_historicaladmin_admin_id	2024-06-01 12:10:26.229568+02
30	e_cash	0008_alter_admin_admin_id_alter_employee_matricle_and_more	2024-06-01 12:11:28.456674+02
31	e_cash	0009_alter_admin_admin_id_alter_admin_username_and_more	2024-06-02 23:12:17.139128+02
\.


--
-- Data for Name: django_session; Type: TABLE DATA; Schema: public; Owner: postgres
--

COPY public.django_session (session_key, session_data, expire_date) FROM stdin;
\.


--
-- Data for Name: e_cash_admin; Type: TABLE DATA; Schema: public; Owner: postgres
--

COPY public.e_cash_admin (admin_id, username, time_created, password) FROM stdin;
adminf4160266-9a1d-4414-8099-b3e3efd359d4	prince	2024-06-02 23:13:43.309577+02	pbkdf2_sha256$720000$K1NrhzHwgDJniUDT7TDKqh$mH+9qjJhy43nCdqMeKccWicu2p0WAAAyjtk7uZKfzOo=
\.


--
-- Data for Name: e_cash_atm; Type: TABLE DATA; Schema: public; Owner: postgres
--

COPY public.e_cash_atm (atm_id, location, atm_balance) FROM stdin;
98e7c7ef-ac40-4813-9e5a-2be59dab2d54	Edea	500000
9ffc0d31-393f-459b-a240-d951d234140e	Bertoua	490000
cedd6c80-d1a5-480d-9648-1b214b6a7962	Yaounde II	452500
\.


--
-- Data for Name: e_cash_atmtransactaccount; Type: TABLE DATA; Schema: public; Owner: postgres
--

COPY public.e_cash_atmtransactaccount (id, atm_id_id, account_number_id, emp_matricle_id, transaction_id_id) FROM stdin;
4	cedd6c80-d1a5-480d-9648-1b214b6a7962	32fe4f66-e4b3-4724-b3b4-bd8d1e8a679c	\N	4e974854-c6c5-434a-a018-aba86544667d
5	cedd6c80-d1a5-480d-9648-1b214b6a7962	32fe4f66-e4b3-4724-b3b4-bd8d1e8a679c	\N	c81f3e03-200b-4533-94e7-9d7e683f322e
6	9ffc0d31-393f-459b-a240-d951d234140e	b653aa43-29f4-4a83-9f72-72219223f483	\N	c7b79dc9-c0b0-4bd5-a919-ccb2ec3400dc
7	cedd6c80-d1a5-480d-9648-1b214b6a7962	b653aa43-29f4-4a83-9f72-72219223f483	\N	4c97761f-a503-4988-b0c9-fc8ec9b29442
\.


--
-- Data for Name: e_cash_bankcard; Type: TABLE DATA; Schema: public; Owner: postgres
--

COPY public.e_cash_bankcard (account_number, balance, client_id) FROM stdin;
b653aa43-29f4-4a83-9f72-72219223f483	140000	510a643e-45a1-422f-8edf-b7f33e744a92
32fe4f66-e4b3-4724-b3b4-bd8d1e8a679c	192499	510a643e-45a1-422f-8edf-b7f33e744a92
\.


--
-- Data for Name: e_cash_client; Type: TABLE DATA; Schema: public; Owner: postgres
--

COPY public.e_cash_client (client_id, username, email, time_created, password, status, tel) FROM stdin;
510a643e-45a1-422f-8edf-b7f33e744a92	Ange Kamga	anges6228@gmail.com	2024-05-31 21:58:58.044111+02	pbkdf2_sha256$720000$wnIArFRp5jyayiNP2obT54$4NpCehe4g0BvMPTpgKu+GvHhqg7M5ZJvHMkHqJSBOLY=	active	670102027
\.


--
-- Data for Name: e_cash_documents; Type: TABLE DATA; Schema: public; Owner: postgres
--

COPY public.e_cash_documents (document_id, doc, transaction_id_id) FROM stdin;
7a5a3c71-7ad7-4f99-9212-c2f4526ad193	documents/5cdaed5aa0280af3afcaf358_02_duolingo_onboarding.png	fb3cc369-2956-4e53-89e7-c65bd2b9ed52
eb33f216-53c3-48e1-86c0-d533bdba2518	documents/12828.jpg	d92a3147-cce3-4d9c-aaa3-161032813bdc
014fc4a6-a9b9-42ab-831b-8b3ed04884f4	documents/15037.jpg	d92a3147-cce3-4d9c-aaa3-161032813bdc
221e811b-8f49-4184-a05e-9abb998db1fe	documents/12828_caTq5Xp.jpg	97450628-1147-4421-8069-b63d529a7707
ef3f09f3-a55b-4d34-949e-bb4a9fb83d69	documents/12828_NSWnNid.jpg	9e69823e-40fd-439a-9aa9-be1bdebb9aa2
a9d3bfe6-2ab1-4cd6-bc00-81bbbb57337e	documents/djoudjou2.jpeg	a57d81eb-1267-49db-a6d3-9330e762d2b0
dafca2b2-1b55-4b0d-b038-2558e0261e97	documents/djoudjou2_AuLY1Ef.jpeg	cc9024fd-bf4e-45a7-9d88-18349d37caca
da2a2119-791e-4377-80bb-d7ae3b547461	documents/djoudjou2_3vAIaok.jpeg	236617d2-415a-47a4-a5f6-d95e136f4076
cb74d8ec-82d9-415f-896f-d1dd54331ce2	documents/game.jpg	498de636-8623-4359-aac4-fb95527c59b7
6d9623d0-b3e6-47b9-83d6-145f3d3d4938	documents/IMG-20240513-WA0004.jpg	86998f39-953d-4a32-b972-1e79fd808018
383a0498-3245-46a3-8553-c5effc59b80a	documents/IMG-20240513-WA0005.jpg	86998f39-953d-4a32-b972-1e79fd808018
f7427cf2-9c72-473f-a695-3577e9b41123	documents/IMG-20240513-WA0004_liqXgxf.jpg	2f2c0633-8ece-4cad-af85-8b8e961327f8
1ee83f02-4c89-4d03-9db8-e4fc49053251	documents/IMG-20240513-WA0005_CQPwIv6.jpg	2f2c0633-8ece-4cad-af85-8b8e961327f8
\.


--
-- Data for Name: e_cash_employee; Type: TABLE DATA; Schema: public; Owner: postgres
--

COPY public.e_cash_employee (matricle, username, email, time_created, password, status, tel) FROM stdin;
empl1245301	Chris KSAC	chris@gmail.com	2024-05-31 22:02:58.529006+02	pbkdf2_sha256$720000$zvQ9y2pNEqu2BcrqBOMDqj$1fQ77K04vwJsLbTo7W6yEjdwFNw9EryQKd5dXAk7Q3o=	active	675486952
emp1717271602578	Ida Stephanie	stephaniedjeid94@gmail.com	2024-06-01 21:53:24.334381+02	pbkdf2_sha256$720000$Akt3Z4JXjdHFwNDeZWL0z4$spb0+koLmUBFEPewFfC9gKnwVg1Ml3GZZH9berS7WOg=	active	651597217
\.


--
-- Data for Name: e_cash_historicaladmin; Type: TABLE DATA; Schema: public; Owner: postgres
--

COPY public.e_cash_historicaladmin (admin_id, username, time_created, password, history_id, history_date, history_change_reason, history_type, history_user_id) FROM stdin;
adminf4160266-9a1d-4414-8099-b3e3efd359d4	prince	2024-06-02 23:13:43.309577+02	pbkdf2_sha256$720000$K1NrhzHwgDJniUDT7TDKqh$mH+9qjJhy43nCdqMeKccWicu2p0WAAAyjtk7uZKfzOo=	7	2024-06-02 23:13:43.332518+02	\N	+	\N
adminf4160266-9a1d-4414-8099-b3e3efd359d4	prince	2024-06-02 23:13:43.309577+02	pbkdf2_sha256$720000$K1NrhzHwgDJniUDT7TDKqh$mH+9qjJhy43nCdqMeKccWicu2p0WAAAyjtk7uZKfzOo=	8	2024-06-02 23:13:44.073624+02	\N	~	\N
\.


--
-- Data for Name: e_cash_historicalatm; Type: TABLE DATA; Schema: public; Owner: postgres
--

COPY public.e_cash_historicalatm (atm_id, location, atm_balance, history_id, history_date, history_change_reason, history_type, history_user_id) FROM stdin;
cedd6c80-d1a5-480d-9648-1b214b6a7962	Yaounde II	452500	17	2024-06-02 16:24:09.539865+02	\N	~	\N
\.


--
-- Data for Name: e_cash_historicalatmtransactaccount; Type: TABLE DATA; Schema: public; Owner: postgres
--

COPY public.e_cash_historicalatmtransactaccount (id, history_id, history_date, history_change_reason, history_type, account_number_id, atm_id_id, emp_matricle_id, history_user_id, transaction_id_id) FROM stdin;
\.


--
-- Data for Name: e_cash_historicalbankcard; Type: TABLE DATA; Schema: public; Owner: postgres
--

COPY public.e_cash_historicalbankcard (account_number, balance, history_id, history_date, history_change_reason, history_type, client_id, history_user_id) FROM stdin;
b653aa43-29f4-4a83-9f72-72219223f483	140000	42	2024-06-02 16:24:08.634185+02	\N	~	510a643e-45a1-422f-8edf-b7f33e744a92	\N
32fe4f66-e4b3-4724-b3b4-bd8d1e8a679c	42499	43	2024-06-02 16:30:46.558706+02	\N	~	510a643e-45a1-422f-8edf-b7f33e744a92	\N
32fe4f66-e4b3-4724-b3b4-bd8d1e8a679c	192499	44	2024-06-02 16:34:51.676591+02	\N	~	510a643e-45a1-422f-8edf-b7f33e744a92	\N
\.


--
-- Data for Name: e_cash_historicalclient; Type: TABLE DATA; Schema: public; Owner: postgres
--

COPY public.e_cash_historicalclient (client_id, username, email, time_created, password, status, tel, history_id, history_date, history_change_reason, history_type, history_user_id) FROM stdin;
\.


--
-- Data for Name: e_cash_historicaldocuments; Type: TABLE DATA; Schema: public; Owner: postgres
--

COPY public.e_cash_historicaldocuments (document_id, doc, history_id, history_date, history_change_reason, history_type, history_user_id, transaction_id_id) FROM stdin;
6d9623d0-b3e6-47b9-83d6-145f3d3d4938	documents/IMG-20240513-WA0004.jpg	29	2024-06-02 16:30:46.724475+02	\N	+	\N	86998f39-953d-4a32-b972-1e79fd808018
6d9623d0-b3e6-47b9-83d6-145f3d3d4938	documents/IMG-20240513-WA0004.jpg	30	2024-06-02 16:30:46.867388+02	\N	~	\N	86998f39-953d-4a32-b972-1e79fd808018
383a0498-3245-46a3-8553-c5effc59b80a	documents/IMG-20240513-WA0005.jpg	31	2024-06-02 16:30:46.876381+02	\N	+	\N	86998f39-953d-4a32-b972-1e79fd808018
383a0498-3245-46a3-8553-c5effc59b80a	documents/IMG-20240513-WA0005.jpg	32	2024-06-02 16:30:46.881378+02	\N	~	\N	86998f39-953d-4a32-b972-1e79fd808018
f7427cf2-9c72-473f-a695-3577e9b41123	documents/IMG-20240513-WA0004_liqXgxf.jpg	33	2024-06-02 16:34:51.72556+02	\N	+	\N	2f2c0633-8ece-4cad-af85-8b8e961327f8
f7427cf2-9c72-473f-a695-3577e9b41123	documents/IMG-20240513-WA0004_liqXgxf.jpg	34	2024-06-02 16:34:51.730557+02	\N	~	\N	2f2c0633-8ece-4cad-af85-8b8e961327f8
1ee83f02-4c89-4d03-9db8-e4fc49053251	documents/IMG-20240513-WA0005_CQPwIv6.jpg	35	2024-06-02 16:34:51.737553+02	\N	+	\N	2f2c0633-8ece-4cad-af85-8b8e961327f8
1ee83f02-4c89-4d03-9db8-e4fc49053251	documents/IMG-20240513-WA0005_CQPwIv6.jpg	36	2024-06-02 16:34:51.74155+02	\N	~	\N	2f2c0633-8ece-4cad-af85-8b8e961327f8
\.


--
-- Data for Name: e_cash_historicalemployee; Type: TABLE DATA; Schema: public; Owner: postgres
--

COPY public.e_cash_historicalemployee (matricle, username, email, time_created, password, status, tel, history_id, history_date, history_change_reason, history_type, history_user_id) FROM stdin;
\.


--
-- Data for Name: e_cash_historicaltransaction; Type: TABLE DATA; Schema: public; Owner: postgres
--

COPY public.e_cash_historicaltransaction (transaction_id, transaction_type, transaction_date, transaction_amount, history_id, history_date, history_change_reason, history_type, history_user_id) FROM stdin;
4c97761f-a503-4988-b0c9-fc8ec9b29442	WITHDRAWAL	2024-06-02 16:24:08.466289+02	10000	65	2024-06-02 16:24:08.554235+02	\N	+	\N
4c97761f-a503-4988-b0c9-fc8ec9b29442	WITHDRAWAL	2024-06-02 16:24:08.466289+02	10000	66	2024-06-02 16:24:08.622191+02	\N	~	\N
86998f39-953d-4a32-b972-1e79fd808018	WITHDRAWAL	2024-06-02 16:30:46.575983+02	10000	67	2024-06-02 16:30:46.578986+02	\N	+	\N
86998f39-953d-4a32-b972-1e79fd808018	WITHDRAWAL	2024-06-02 16:30:46.575983+02	10000	68	2024-06-02 16:30:46.585981+02	\N	~	\N
2f2c0633-8ece-4cad-af85-8b8e961327f8	DEPOSIT	2024-06-02 16:34:51.68059+02	150000	69	2024-06-02 16:34:51.681589+02	\N	+	\N
2f2c0633-8ece-4cad-af85-8b8e961327f8	DEPOSIT	2024-06-02 16:34:51.68059+02	150000	70	2024-06-02 16:34:51.687584+02	\N	~	\N
\.


--
-- Data for Name: e_cash_historicaltransactionaccount; Type: TABLE DATA; Schema: public; Owner: postgres
--

COPY public.e_cash_historicaltransactionaccount (id, history_id, history_date, history_change_reason, history_type, account_number_id, emp_matricle_id, history_user_id, transaction_id_id) FROM stdin;
\.


--
-- Data for Name: e_cash_transaction; Type: TABLE DATA; Schema: public; Owner: postgres
--

COPY public.e_cash_transaction (transaction_id, transaction_type, transaction_date, transaction_amount) FROM stdin;
fb3cc369-2956-4e53-89e7-c65bd2b9ed52	DEPOSIT	2024-06-01 12:26:10.950915+02	5000
4e974854-c6c5-434a-a018-aba86544667d	withdrawal	2024-06-01 13:14:02.42846+02	7500
c81f3e03-200b-4533-94e7-9d7e683f322e	WITHDRAWAL	2024-06-01 19:30:29.080365+02	7500
d92a3147-cce3-4d9c-aaa3-161032813bdc	DEPOSIT	2024-06-01 20:27:09.075562+02	15000
97450628-1147-4421-8069-b63d529a7707	WITHDRAWAL	2024-06-01 20:48:34.588834+02	1
9e69823e-40fd-439a-9aa9-be1bdebb9aa2	WITHDRAWAL	2024-06-01 20:50:07.722022+02	10000
c7b79dc9-c0b0-4bd5-a919-ccb2ec3400dc	WITHDRAWAL	2024-06-01 23:25:04.56454+02	10000
a57d81eb-1267-49db-a6d3-9330e762d2b0	DEPOSIT	2024-06-02 00:07:03.12668+02	15000
cc9024fd-bf4e-45a7-9d88-18349d37caca	DEPOSIT	2024-06-02 00:08:48.672157+02	15000
236617d2-415a-47a4-a5f6-d95e136f4076	DEPOSIT	2024-06-02 00:08:59.397813+02	15000
498de636-8623-4359-aac4-fb95527c59b7	WITHDRAWAL	2024-06-02 00:18:54.043403+02	15000
4c97761f-a503-4988-b0c9-fc8ec9b29442	WITHDRAWAL	2024-06-02 16:24:08.466289+02	10000
86998f39-953d-4a32-b972-1e79fd808018	WITHDRAWAL	2024-06-02 16:30:46.575983+02	10000
2f2c0633-8ece-4cad-af85-8b8e961327f8	DEPOSIT	2024-06-02 16:34:51.68059+02	150000
\.


--
-- Data for Name: e_cash_transactionaccount; Type: TABLE DATA; Schema: public; Owner: postgres
--

COPY public.e_cash_transactionaccount (id, account_number_id, emp_matricle_id, transaction_id_id) FROM stdin;
3	32fe4f66-e4b3-4724-b3b4-bd8d1e8a679c	empl1245301	fb3cc369-2956-4e53-89e7-c65bd2b9ed52
4	b653aa43-29f4-4a83-9f72-72219223f483	empl1245301	d92a3147-cce3-4d9c-aaa3-161032813bdc
5	32fe4f66-e4b3-4724-b3b4-bd8d1e8a679c	empl1245301	97450628-1147-4421-8069-b63d529a7707
6	32fe4f66-e4b3-4724-b3b4-bd8d1e8a679c	empl1245301	9e69823e-40fd-439a-9aa9-be1bdebb9aa2
7	b653aa43-29f4-4a83-9f72-72219223f483	emp1717271602578	a57d81eb-1267-49db-a6d3-9330e762d2b0
8	b653aa43-29f4-4a83-9f72-72219223f483	emp1717271602578	cc9024fd-bf4e-45a7-9d88-18349d37caca
9	b653aa43-29f4-4a83-9f72-72219223f483	emp1717271602578	236617d2-415a-47a4-a5f6-d95e136f4076
10	32fe4f66-e4b3-4724-b3b4-bd8d1e8a679c	emp1717271602578	498de636-8623-4359-aac4-fb95527c59b7
11	32fe4f66-e4b3-4724-b3b4-bd8d1e8a679c	emp1717271602578	86998f39-953d-4a32-b972-1e79fd808018
12	32fe4f66-e4b3-4724-b3b4-bd8d1e8a679c	emp1717271602578	2f2c0633-8ece-4cad-af85-8b8e961327f8
\.


--
-- Name: auth_group_id_seq; Type: SEQUENCE SET; Schema: public; Owner: postgres
--

SELECT pg_catalog.setval('public.auth_group_id_seq', 1, false);


--
-- Name: auth_group_permissions_id_seq; Type: SEQUENCE SET; Schema: public; Owner: postgres
--

SELECT pg_catalog.setval('public.auth_group_permissions_id_seq', 1, false);


--
-- Name: auth_permission_id_seq; Type: SEQUENCE SET; Schema: public; Owner: postgres
--

SELECT pg_catalog.setval('public.auth_permission_id_seq', 104, true);


--
-- Name: auth_user_groups_id_seq; Type: SEQUENCE SET; Schema: public; Owner: postgres
--

SELECT pg_catalog.setval('public.auth_user_groups_id_seq', 1, false);


--
-- Name: auth_user_id_seq; Type: SEQUENCE SET; Schema: public; Owner: postgres
--

SELECT pg_catalog.setval('public.auth_user_id_seq', 21, true);


--
-- Name: auth_user_user_permissions_id_seq; Type: SEQUENCE SET; Schema: public; Owner: postgres
--

SELECT pg_catalog.setval('public.auth_user_user_permissions_id_seq', 1, false);


--
-- Name: django_admin_log_id_seq; Type: SEQUENCE SET; Schema: public; Owner: postgres
--

SELECT pg_catalog.setval('public.django_admin_log_id_seq', 1, false);


--
-- Name: django_content_type_id_seq; Type: SEQUENCE SET; Schema: public; Owner: postgres
--

SELECT pg_catalog.setval('public.django_content_type_id_seq', 26, true);


--
-- Name: django_migrations_id_seq; Type: SEQUENCE SET; Schema: public; Owner: postgres
--

SELECT pg_catalog.setval('public.django_migrations_id_seq', 31, true);


--
-- Name: e_cash_atmtransactaccount_id_seq; Type: SEQUENCE SET; Schema: public; Owner: postgres
--

SELECT pg_catalog.setval('public.e_cash_atmtransactaccount_id_seq', 7, true);


--
-- Name: e_cash_historicaladmin_history_id_seq; Type: SEQUENCE SET; Schema: public; Owner: postgres
--

SELECT pg_catalog.setval('public.e_cash_historicaladmin_history_id_seq', 8, true);


--
-- Name: e_cash_historicalatm_history_id_seq; Type: SEQUENCE SET; Schema: public; Owner: postgres
--

SELECT pg_catalog.setval('public.e_cash_historicalatm_history_id_seq', 17, true);


--
-- Name: e_cash_historicalatmtransactaccount_history_id_seq; Type: SEQUENCE SET; Schema: public; Owner: postgres
--

SELECT pg_catalog.setval('public.e_cash_historicalatmtransactaccount_history_id_seq', 1, false);


--
-- Name: e_cash_historicalbankcard_history_id_seq; Type: SEQUENCE SET; Schema: public; Owner: postgres
--

SELECT pg_catalog.setval('public.e_cash_historicalbankcard_history_id_seq', 44, true);


--
-- Name: e_cash_historicalclient_history_id_seq; Type: SEQUENCE SET; Schema: public; Owner: postgres
--

SELECT pg_catalog.setval('public.e_cash_historicalclient_history_id_seq', 2, true);


--
-- Name: e_cash_historicaldocuments_history_id_seq; Type: SEQUENCE SET; Schema: public; Owner: postgres
--

SELECT pg_catalog.setval('public.e_cash_historicaldocuments_history_id_seq', 36, true);


--
-- Name: e_cash_historicalemployee_history_id_seq; Type: SEQUENCE SET; Schema: public; Owner: postgres
--

SELECT pg_catalog.setval('public.e_cash_historicalemployee_history_id_seq', 4, true);


--
-- Name: e_cash_historicaltransaction_history_id_seq; Type: SEQUENCE SET; Schema: public; Owner: postgres
--

SELECT pg_catalog.setval('public.e_cash_historicaltransaction_history_id_seq', 70, true);


--
-- Name: e_cash_historicaltransactionaccount_history_id_seq; Type: SEQUENCE SET; Schema: public; Owner: postgres
--

SELECT pg_catalog.setval('public.e_cash_historicaltransactionaccount_history_id_seq', 1, false);


--
-- Name: e_cash_transactionaccount_id_seq; Type: SEQUENCE SET; Schema: public; Owner: postgres
--

SELECT pg_catalog.setval('public.e_cash_transactionaccount_id_seq', 12, true);


--
-- Name: auth_group auth_group_name_key; Type: CONSTRAINT; Schema: public; Owner: postgres
--

ALTER TABLE ONLY public.auth_group
    ADD CONSTRAINT auth_group_name_key UNIQUE (name);


--
-- Name: auth_group_permissions auth_group_permissions_group_id_permission_id_0cd325b0_uniq; Type: CONSTRAINT; Schema: public; Owner: postgres
--

ALTER TABLE ONLY public.auth_group_permissions
    ADD CONSTRAINT auth_group_permissions_group_id_permission_id_0cd325b0_uniq UNIQUE (group_id, permission_id);


--
-- Name: auth_group_permissions auth_group_permissions_pkey; Type: CONSTRAINT; Schema: public; Owner: postgres
--

ALTER TABLE ONLY public.auth_group_permissions
    ADD CONSTRAINT auth_group_permissions_pkey PRIMARY KEY (id);


--
-- Name: auth_group auth_group_pkey; Type: CONSTRAINT; Schema: public; Owner: postgres
--

ALTER TABLE ONLY public.auth_group
    ADD CONSTRAINT auth_group_pkey PRIMARY KEY (id);


--
-- Name: auth_permission auth_permission_content_type_id_codename_01ab375a_uniq; Type: CONSTRAINT; Schema: public; Owner: postgres
--

ALTER TABLE ONLY public.auth_permission
    ADD CONSTRAINT auth_permission_content_type_id_codename_01ab375a_uniq UNIQUE (content_type_id, codename);


--
-- Name: auth_permission auth_permission_pkey; Type: CONSTRAINT; Schema: public; Owner: postgres
--

ALTER TABLE ONLY public.auth_permission
    ADD CONSTRAINT auth_permission_pkey PRIMARY KEY (id);


--
-- Name: auth_user_groups auth_user_groups_pkey; Type: CONSTRAINT; Schema: public; Owner: postgres
--

ALTER TABLE ONLY public.auth_user_groups
    ADD CONSTRAINT auth_user_groups_pkey PRIMARY KEY (id);


--
-- Name: auth_user_groups auth_user_groups_user_id_group_id_94350c0c_uniq; Type: CONSTRAINT; Schema: public; Owner: postgres
--

ALTER TABLE ONLY public.auth_user_groups
    ADD CONSTRAINT auth_user_groups_user_id_group_id_94350c0c_uniq UNIQUE (user_id, group_id);


--
-- Name: auth_user auth_user_pkey; Type: CONSTRAINT; Schema: public; Owner: postgres
--

ALTER TABLE ONLY public.auth_user
    ADD CONSTRAINT auth_user_pkey PRIMARY KEY (id);


--
-- Name: auth_user_user_permissions auth_user_user_permissions_pkey; Type: CONSTRAINT; Schema: public; Owner: postgres
--

ALTER TABLE ONLY public.auth_user_user_permissions
    ADD CONSTRAINT auth_user_user_permissions_pkey PRIMARY KEY (id);


--
-- Name: auth_user_user_permissions auth_user_user_permissions_user_id_permission_id_14a6b632_uniq; Type: CONSTRAINT; Schema: public; Owner: postgres
--

ALTER TABLE ONLY public.auth_user_user_permissions
    ADD CONSTRAINT auth_user_user_permissions_user_id_permission_id_14a6b632_uniq UNIQUE (user_id, permission_id);


--
-- Name: auth_user auth_user_username_key; Type: CONSTRAINT; Schema: public; Owner: postgres
--

ALTER TABLE ONLY public.auth_user
    ADD CONSTRAINT auth_user_username_key UNIQUE (username);


--
-- Name: authtoken_token authtoken_token_pkey; Type: CONSTRAINT; Schema: public; Owner: postgres
--

ALTER TABLE ONLY public.authtoken_token
    ADD CONSTRAINT authtoken_token_pkey PRIMARY KEY (key);


--
-- Name: authtoken_token authtoken_token_user_id_key; Type: CONSTRAINT; Schema: public; Owner: postgres
--

ALTER TABLE ONLY public.authtoken_token
    ADD CONSTRAINT authtoken_token_user_id_key UNIQUE (user_id);


--
-- Name: django_admin_log django_admin_log_pkey; Type: CONSTRAINT; Schema: public; Owner: postgres
--

ALTER TABLE ONLY public.django_admin_log
    ADD CONSTRAINT django_admin_log_pkey PRIMARY KEY (id);


--
-- Name: django_content_type django_content_type_app_label_model_76bd3d3b_uniq; Type: CONSTRAINT; Schema: public; Owner: postgres
--

ALTER TABLE ONLY public.django_content_type
    ADD CONSTRAINT django_content_type_app_label_model_76bd3d3b_uniq UNIQUE (app_label, model);


--
-- Name: django_content_type django_content_type_pkey; Type: CONSTRAINT; Schema: public; Owner: postgres
--

ALTER TABLE ONLY public.django_content_type
    ADD CONSTRAINT django_content_type_pkey PRIMARY KEY (id);


--
-- Name: django_migrations django_migrations_pkey; Type: CONSTRAINT; Schema: public; Owner: postgres
--

ALTER TABLE ONLY public.django_migrations
    ADD CONSTRAINT django_migrations_pkey PRIMARY KEY (id);


--
-- Name: django_session django_session_pkey; Type: CONSTRAINT; Schema: public; Owner: postgres
--

ALTER TABLE ONLY public.django_session
    ADD CONSTRAINT django_session_pkey PRIMARY KEY (session_key);


--
-- Name: e_cash_admin e_cash_admin_pkey; Type: CONSTRAINT; Schema: public; Owner: postgres
--

ALTER TABLE ONLY public.e_cash_admin
    ADD CONSTRAINT e_cash_admin_pkey PRIMARY KEY (admin_id);


--
-- Name: e_cash_admin e_cash_admin_username_e9dfb5fd_uniq; Type: CONSTRAINT; Schema: public; Owner: postgres
--

ALTER TABLE ONLY public.e_cash_admin
    ADD CONSTRAINT e_cash_admin_username_e9dfb5fd_uniq UNIQUE (username);


--
-- Name: e_cash_atm e_cash_atm_pkey; Type: CONSTRAINT; Schema: public; Owner: postgres
--

ALTER TABLE ONLY public.e_cash_atm
    ADD CONSTRAINT e_cash_atm_pkey PRIMARY KEY (atm_id);


--
-- Name: e_cash_atmtransactaccount e_cash_atmtransactaccount_pkey; Type: CONSTRAINT; Schema: public; Owner: postgres
--

ALTER TABLE ONLY public.e_cash_atmtransactaccount
    ADD CONSTRAINT e_cash_atmtransactaccount_pkey PRIMARY KEY (id);


--
-- Name: e_cash_bankcard e_cash_bankcard_account_number_22f80864_pk; Type: CONSTRAINT; Schema: public; Owner: postgres
--

ALTER TABLE ONLY public.e_cash_bankcard
    ADD CONSTRAINT e_cash_bankcard_account_number_22f80864_pk PRIMARY KEY (account_number);


--
-- Name: e_cash_client e_cash_client_email_key; Type: CONSTRAINT; Schema: public; Owner: postgres
--

ALTER TABLE ONLY public.e_cash_client
    ADD CONSTRAINT e_cash_client_email_key UNIQUE (email);


--
-- Name: e_cash_client e_cash_client_pkey; Type: CONSTRAINT; Schema: public; Owner: postgres
--

ALTER TABLE ONLY public.e_cash_client
    ADD CONSTRAINT e_cash_client_pkey PRIMARY KEY (client_id);


--
-- Name: e_cash_documents e_cash_documents_pkey; Type: CONSTRAINT; Schema: public; Owner: postgres
--

ALTER TABLE ONLY public.e_cash_documents
    ADD CONSTRAINT e_cash_documents_pkey PRIMARY KEY (document_id);


--
-- Name: e_cash_employee e_cash_employee_email_key; Type: CONSTRAINT; Schema: public; Owner: postgres
--

ALTER TABLE ONLY public.e_cash_employee
    ADD CONSTRAINT e_cash_employee_email_key UNIQUE (email);


--
-- Name: e_cash_employee e_cash_employee_matricle_1771b8c2_pk; Type: CONSTRAINT; Schema: public; Owner: postgres
--

ALTER TABLE ONLY public.e_cash_employee
    ADD CONSTRAINT e_cash_employee_matricle_1771b8c2_pk PRIMARY KEY (matricle);


--
-- Name: e_cash_historicaladmin e_cash_historicaladmin_pkey; Type: CONSTRAINT; Schema: public; Owner: postgres
--

ALTER TABLE ONLY public.e_cash_historicaladmin
    ADD CONSTRAINT e_cash_historicaladmin_pkey PRIMARY KEY (history_id);


--
-- Name: e_cash_historicalatm e_cash_historicalatm_pkey; Type: CONSTRAINT; Schema: public; Owner: postgres
--

ALTER TABLE ONLY public.e_cash_historicalatm
    ADD CONSTRAINT e_cash_historicalatm_pkey PRIMARY KEY (history_id);


--
-- Name: e_cash_historicalatmtransactaccount e_cash_historicalatmtransactaccount_pkey; Type: CONSTRAINT; Schema: public; Owner: postgres
--

ALTER TABLE ONLY public.e_cash_historicalatmtransactaccount
    ADD CONSTRAINT e_cash_historicalatmtransactaccount_pkey PRIMARY KEY (history_id);


--
-- Name: e_cash_historicalbankcard e_cash_historicalbankcard_pkey; Type: CONSTRAINT; Schema: public; Owner: postgres
--

ALTER TABLE ONLY public.e_cash_historicalbankcard
    ADD CONSTRAINT e_cash_historicalbankcard_pkey PRIMARY KEY (history_id);


--
-- Name: e_cash_historicalclient e_cash_historicalclient_pkey; Type: CONSTRAINT; Schema: public; Owner: postgres
--

ALTER TABLE ONLY public.e_cash_historicalclient
    ADD CONSTRAINT e_cash_historicalclient_pkey PRIMARY KEY (history_id);


--
-- Name: e_cash_historicaldocuments e_cash_historicaldocuments_pkey; Type: CONSTRAINT; Schema: public; Owner: postgres
--

ALTER TABLE ONLY public.e_cash_historicaldocuments
    ADD CONSTRAINT e_cash_historicaldocuments_pkey PRIMARY KEY (history_id);


--
-- Name: e_cash_historicalemployee e_cash_historicalemployee_pkey; Type: CONSTRAINT; Schema: public; Owner: postgres
--

ALTER TABLE ONLY public.e_cash_historicalemployee
    ADD CONSTRAINT e_cash_historicalemployee_pkey PRIMARY KEY (history_id);


--
-- Name: e_cash_historicaltransaction e_cash_historicaltransaction_pkey; Type: CONSTRAINT; Schema: public; Owner: postgres
--

ALTER TABLE ONLY public.e_cash_historicaltransaction
    ADD CONSTRAINT e_cash_historicaltransaction_pkey PRIMARY KEY (history_id);


--
-- Name: e_cash_historicaltransactionaccount e_cash_historicaltransactionaccount_pkey; Type: CONSTRAINT; Schema: public; Owner: postgres
--

ALTER TABLE ONLY public.e_cash_historicaltransactionaccount
    ADD CONSTRAINT e_cash_historicaltransactionaccount_pkey PRIMARY KEY (history_id);


--
-- Name: e_cash_transaction e_cash_transaction_pkey; Type: CONSTRAINT; Schema: public; Owner: postgres
--

ALTER TABLE ONLY public.e_cash_transaction
    ADD CONSTRAINT e_cash_transaction_pkey PRIMARY KEY (transaction_id);


--
-- Name: e_cash_transactionaccount e_cash_transactionaccount_pkey; Type: CONSTRAINT; Schema: public; Owner: postgres
--

ALTER TABLE ONLY public.e_cash_transactionaccount
    ADD CONSTRAINT e_cash_transactionaccount_pkey PRIMARY KEY (id);


--
-- Name: auth_group_name_a6ea08ec_like; Type: INDEX; Schema: public; Owner: postgres
--

CREATE INDEX auth_group_name_a6ea08ec_like ON public.auth_group USING btree (name varchar_pattern_ops);


--
-- Name: auth_group_permissions_group_id_b120cbf9; Type: INDEX; Schema: public; Owner: postgres
--

CREATE INDEX auth_group_permissions_group_id_b120cbf9 ON public.auth_group_permissions USING btree (group_id);


--
-- Name: auth_group_permissions_permission_id_84c5c92e; Type: INDEX; Schema: public; Owner: postgres
--

CREATE INDEX auth_group_permissions_permission_id_84c5c92e ON public.auth_group_permissions USING btree (permission_id);


--
-- Name: auth_permission_content_type_id_2f476e4b; Type: INDEX; Schema: public; Owner: postgres
--

CREATE INDEX auth_permission_content_type_id_2f476e4b ON public.auth_permission USING btree (content_type_id);


--
-- Name: auth_user_groups_group_id_97559544; Type: INDEX; Schema: public; Owner: postgres
--

CREATE INDEX auth_user_groups_group_id_97559544 ON public.auth_user_groups USING btree (group_id);


--
-- Name: auth_user_groups_user_id_6a12ed8b; Type: INDEX; Schema: public; Owner: postgres
--

CREATE INDEX auth_user_groups_user_id_6a12ed8b ON public.auth_user_groups USING btree (user_id);


--
-- Name: auth_user_user_permissions_permission_id_1fbb5f2c; Type: INDEX; Schema: public; Owner: postgres
--

CREATE INDEX auth_user_user_permissions_permission_id_1fbb5f2c ON public.auth_user_user_permissions USING btree (permission_id);


--
-- Name: auth_user_user_permissions_user_id_a95ead1b; Type: INDEX; Schema: public; Owner: postgres
--

CREATE INDEX auth_user_user_permissions_user_id_a95ead1b ON public.auth_user_user_permissions USING btree (user_id);


--
-- Name: auth_user_username_6821ab7c_like; Type: INDEX; Schema: public; Owner: postgres
--

CREATE INDEX auth_user_username_6821ab7c_like ON public.auth_user USING btree (username varchar_pattern_ops);


--
-- Name: authtoken_token_key_10f0b77e_like; Type: INDEX; Schema: public; Owner: postgres
--

CREATE INDEX authtoken_token_key_10f0b77e_like ON public.authtoken_token USING btree (key varchar_pattern_ops);


--
-- Name: django_admin_log_content_type_id_c4bce8eb; Type: INDEX; Schema: public; Owner: postgres
--

CREATE INDEX django_admin_log_content_type_id_c4bce8eb ON public.django_admin_log USING btree (content_type_id);


--
-- Name: django_admin_log_user_id_c564eba6; Type: INDEX; Schema: public; Owner: postgres
--

CREATE INDEX django_admin_log_user_id_c564eba6 ON public.django_admin_log USING btree (user_id);


--
-- Name: django_session_expire_date_a5c62663; Type: INDEX; Schema: public; Owner: postgres
--

CREATE INDEX django_session_expire_date_a5c62663 ON public.django_session USING btree (expire_date);


--
-- Name: django_session_session_key_c0390e0f_like; Type: INDEX; Schema: public; Owner: postgres
--

CREATE INDEX django_session_session_key_c0390e0f_like ON public.django_session USING btree (session_key varchar_pattern_ops);


--
-- Name: e_cash_admin_admin_id_effe8a8b_like; Type: INDEX; Schema: public; Owner: postgres
--

CREATE INDEX e_cash_admin_admin_id_effe8a8b_like ON public.e_cash_admin USING btree (admin_id varchar_pattern_ops);


--
-- Name: e_cash_admin_username_e9dfb5fd_like; Type: INDEX; Schema: public; Owner: postgres
--

CREATE INDEX e_cash_admin_username_e9dfb5fd_like ON public.e_cash_admin USING btree (username varchar_pattern_ops);


--
-- Name: e_cash_atm_atm_id_4a5b5680_like; Type: INDEX; Schema: public; Owner: postgres
--

CREATE INDEX e_cash_atm_atm_id_4a5b5680_like ON public.e_cash_atm USING btree (atm_id varchar_pattern_ops);


--
-- Name: e_cash_atmtransactaccount_account_number_id_3276bdd9; Type: INDEX; Schema: public; Owner: postgres
--

CREATE INDEX e_cash_atmtransactaccount_account_number_id_3276bdd9 ON public.e_cash_atmtransactaccount USING btree (account_number_id);


--
-- Name: e_cash_atmtransactaccount_atm_id_id_af8dc8a8; Type: INDEX; Schema: public; Owner: postgres
--

CREATE INDEX e_cash_atmtransactaccount_atm_id_id_af8dc8a8 ON public.e_cash_atmtransactaccount USING btree (atm_id_id);


--
-- Name: e_cash_atmtransactaccount_atm_id_id_af8dc8a8_like; Type: INDEX; Schema: public; Owner: postgres
--

CREATE INDEX e_cash_atmtransactaccount_atm_id_id_af8dc8a8_like ON public.e_cash_atmtransactaccount USING btree (atm_id_id varchar_pattern_ops);


--
-- Name: e_cash_atmtransactaccount_emp_matricle_id_ff92b623; Type: INDEX; Schema: public; Owner: postgres
--

CREATE INDEX e_cash_atmtransactaccount_emp_matricle_id_ff92b623 ON public.e_cash_atmtransactaccount USING btree (emp_matricle_id);


--
-- Name: e_cash_atmtransactaccount_transaction_id_id_7b1a4b44; Type: INDEX; Schema: public; Owner: postgres
--

CREATE INDEX e_cash_atmtransactaccount_transaction_id_id_7b1a4b44 ON public.e_cash_atmtransactaccount USING btree (transaction_id_id);


--
-- Name: e_cash_atmtransactaccount_transaction_id_id_7b1a4b44_like; Type: INDEX; Schema: public; Owner: postgres
--

CREATE INDEX e_cash_atmtransactaccount_transaction_id_id_7b1a4b44_like ON public.e_cash_atmtransactaccount USING btree (transaction_id_id varchar_pattern_ops);


--
-- Name: e_cash_bankcard_account_number_22f80864_like; Type: INDEX; Schema: public; Owner: postgres
--

CREATE INDEX e_cash_bankcard_account_number_22f80864_like ON public.e_cash_bankcard USING btree (account_number varchar_pattern_ops);


--
-- Name: e_cash_bankcard_client_id_3371a07f; Type: INDEX; Schema: public; Owner: postgres
--

CREATE INDEX e_cash_bankcard_client_id_3371a07f ON public.e_cash_bankcard USING btree (client_id);


--
-- Name: e_cash_bankcard_client_id_3371a07f_like; Type: INDEX; Schema: public; Owner: postgres
--

CREATE INDEX e_cash_bankcard_client_id_3371a07f_like ON public.e_cash_bankcard USING btree (client_id varchar_pattern_ops);


--
-- Name: e_cash_client_client_id_1ccb392f_like; Type: INDEX; Schema: public; Owner: postgres
--

CREATE INDEX e_cash_client_client_id_1ccb392f_like ON public.e_cash_client USING btree (client_id varchar_pattern_ops);


--
-- Name: e_cash_client_email_fe7898f5_like; Type: INDEX; Schema: public; Owner: postgres
--

CREATE INDEX e_cash_client_email_fe7898f5_like ON public.e_cash_client USING btree (email varchar_pattern_ops);


--
-- Name: e_cash_documents_document_id_fea50a43_like; Type: INDEX; Schema: public; Owner: postgres
--

CREATE INDEX e_cash_documents_document_id_fea50a43_like ON public.e_cash_documents USING btree (document_id varchar_pattern_ops);


--
-- Name: e_cash_documents_transaction_id_id_4cc9c3b6; Type: INDEX; Schema: public; Owner: postgres
--

CREATE INDEX e_cash_documents_transaction_id_id_4cc9c3b6 ON public.e_cash_documents USING btree (transaction_id_id);


--
-- Name: e_cash_documents_transaction_id_id_4cc9c3b6_like; Type: INDEX; Schema: public; Owner: postgres
--

CREATE INDEX e_cash_documents_transaction_id_id_4cc9c3b6_like ON public.e_cash_documents USING btree (transaction_id_id varchar_pattern_ops);


--
-- Name: e_cash_employee_email_94eb86d5_like; Type: INDEX; Schema: public; Owner: postgres
--

CREATE INDEX e_cash_employee_email_94eb86d5_like ON public.e_cash_employee USING btree (email varchar_pattern_ops);


--
-- Name: e_cash_employee_matricle_1771b8c2_like; Type: INDEX; Schema: public; Owner: postgres
--

CREATE INDEX e_cash_employee_matricle_1771b8c2_like ON public.e_cash_employee USING btree (matricle varchar_pattern_ops);


--
-- Name: e_cash_historicaladmin_admin_id_6763b851; Type: INDEX; Schema: public; Owner: postgres
--

CREATE INDEX e_cash_historicaladmin_admin_id_6763b851 ON public.e_cash_historicaladmin USING btree (admin_id);


--
-- Name: e_cash_historicaladmin_admin_id_6763b851_like; Type: INDEX; Schema: public; Owner: postgres
--

CREATE INDEX e_cash_historicaladmin_admin_id_6763b851_like ON public.e_cash_historicaladmin USING btree (admin_id varchar_pattern_ops);


--
-- Name: e_cash_historicaladmin_history_date_e2af57b6; Type: INDEX; Schema: public; Owner: postgres
--

CREATE INDEX e_cash_historicaladmin_history_date_e2af57b6 ON public.e_cash_historicaladmin USING btree (history_date);


--
-- Name: e_cash_historicaladmin_history_user_id_ebc21cc7; Type: INDEX; Schema: public; Owner: postgres
--

CREATE INDEX e_cash_historicaladmin_history_user_id_ebc21cc7 ON public.e_cash_historicaladmin USING btree (history_user_id);


--
-- Name: e_cash_historicaladmin_username_5f20fa1c; Type: INDEX; Schema: public; Owner: postgres
--

CREATE INDEX e_cash_historicaladmin_username_5f20fa1c ON public.e_cash_historicaladmin USING btree (username);


--
-- Name: e_cash_historicaladmin_username_5f20fa1c_like; Type: INDEX; Schema: public; Owner: postgres
--

CREATE INDEX e_cash_historicaladmin_username_5f20fa1c_like ON public.e_cash_historicaladmin USING btree (username varchar_pattern_ops);


--
-- Name: e_cash_historicalatm_atm_id_ca7eee4b; Type: INDEX; Schema: public; Owner: postgres
--

CREATE INDEX e_cash_historicalatm_atm_id_ca7eee4b ON public.e_cash_historicalatm USING btree (atm_id);


--
-- Name: e_cash_historicalatm_atm_id_ca7eee4b_like; Type: INDEX; Schema: public; Owner: postgres
--

CREATE INDEX e_cash_historicalatm_atm_id_ca7eee4b_like ON public.e_cash_historicalatm USING btree (atm_id varchar_pattern_ops);


--
-- Name: e_cash_historicalatm_history_date_039cb917; Type: INDEX; Schema: public; Owner: postgres
--

CREATE INDEX e_cash_historicalatm_history_date_039cb917 ON public.e_cash_historicalatm USING btree (history_date);


--
-- Name: e_cash_historicalatm_history_user_id_b9dcc7f3; Type: INDEX; Schema: public; Owner: postgres
--

CREATE INDEX e_cash_historicalatm_history_user_id_b9dcc7f3 ON public.e_cash_historicalatm USING btree (history_user_id);


--
-- Name: e_cash_historicalatmtran_account_number_id_6e3c2f3b_like; Type: INDEX; Schema: public; Owner: postgres
--

CREATE INDEX e_cash_historicalatmtran_account_number_id_6e3c2f3b_like ON public.e_cash_historicalatmtransactaccount USING btree (account_number_id varchar_pattern_ops);


--
-- Name: e_cash_historicalatmtran_emp_matricle_id_a91a62f8_like; Type: INDEX; Schema: public; Owner: postgres
--

CREATE INDEX e_cash_historicalatmtran_emp_matricle_id_a91a62f8_like ON public.e_cash_historicalatmtransactaccount USING btree (emp_matricle_id varchar_pattern_ops);


--
-- Name: e_cash_historicalatmtran_transaction_id_id_c33cfbc7_like; Type: INDEX; Schema: public; Owner: postgres
--

CREATE INDEX e_cash_historicalatmtran_transaction_id_id_c33cfbc7_like ON public.e_cash_historicalatmtransactaccount USING btree (transaction_id_id varchar_pattern_ops);


--
-- Name: e_cash_historicalatmtransactaccount_account_number_id_6e3c2f3b; Type: INDEX; Schema: public; Owner: postgres
--

CREATE INDEX e_cash_historicalatmtransactaccount_account_number_id_6e3c2f3b ON public.e_cash_historicalatmtransactaccount USING btree (account_number_id);


--
-- Name: e_cash_historicalatmtransactaccount_atm_id_id_88ce9e23; Type: INDEX; Schema: public; Owner: postgres
--

CREATE INDEX e_cash_historicalatmtransactaccount_atm_id_id_88ce9e23 ON public.e_cash_historicalatmtransactaccount USING btree (atm_id_id);


--
-- Name: e_cash_historicalatmtransactaccount_atm_id_id_88ce9e23_like; Type: INDEX; Schema: public; Owner: postgres
--

CREATE INDEX e_cash_historicalatmtransactaccount_atm_id_id_88ce9e23_like ON public.e_cash_historicalatmtransactaccount USING btree (atm_id_id varchar_pattern_ops);


--
-- Name: e_cash_historicalatmtransactaccount_emp_matricle_id_a91a62f8; Type: INDEX; Schema: public; Owner: postgres
--

CREATE INDEX e_cash_historicalatmtransactaccount_emp_matricle_id_a91a62f8 ON public.e_cash_historicalatmtransactaccount USING btree (emp_matricle_id);


--
-- Name: e_cash_historicalatmtransactaccount_history_date_d68d93cf; Type: INDEX; Schema: public; Owner: postgres
--

CREATE INDEX e_cash_historicalatmtransactaccount_history_date_d68d93cf ON public.e_cash_historicalatmtransactaccount USING btree (history_date);


--
-- Name: e_cash_historicalatmtransactaccount_history_user_id_970d4d67; Type: INDEX; Schema: public; Owner: postgres
--

CREATE INDEX e_cash_historicalatmtransactaccount_history_user_id_970d4d67 ON public.e_cash_historicalatmtransactaccount USING btree (history_user_id);


--
-- Name: e_cash_historicalatmtransactaccount_id_ac048135; Type: INDEX; Schema: public; Owner: postgres
--

CREATE INDEX e_cash_historicalatmtransactaccount_id_ac048135 ON public.e_cash_historicalatmtransactaccount USING btree (id);


--
-- Name: e_cash_historicalatmtransactaccount_transaction_id_id_c33cfbc7; Type: INDEX; Schema: public; Owner: postgres
--

CREATE INDEX e_cash_historicalatmtransactaccount_transaction_id_id_c33cfbc7 ON public.e_cash_historicalatmtransactaccount USING btree (transaction_id_id);


--
-- Name: e_cash_historicalbankcard_account_number_9d4c1c04; Type: INDEX; Schema: public; Owner: postgres
--

CREATE INDEX e_cash_historicalbankcard_account_number_9d4c1c04 ON public.e_cash_historicalbankcard USING btree (account_number);


--
-- Name: e_cash_historicalbankcard_account_number_9d4c1c04_like; Type: INDEX; Schema: public; Owner: postgres
--

CREATE INDEX e_cash_historicalbankcard_account_number_9d4c1c04_like ON public.e_cash_historicalbankcard USING btree (account_number varchar_pattern_ops);


--
-- Name: e_cash_historicalbankcard_client_id_91b022a2; Type: INDEX; Schema: public; Owner: postgres
--

CREATE INDEX e_cash_historicalbankcard_client_id_91b022a2 ON public.e_cash_historicalbankcard USING btree (client_id);


--
-- Name: e_cash_historicalbankcard_client_id_91b022a2_like; Type: INDEX; Schema: public; Owner: postgres
--

CREATE INDEX e_cash_historicalbankcard_client_id_91b022a2_like ON public.e_cash_historicalbankcard USING btree (client_id varchar_pattern_ops);


--
-- Name: e_cash_historicalbankcard_history_date_574d987a; Type: INDEX; Schema: public; Owner: postgres
--

CREATE INDEX e_cash_historicalbankcard_history_date_574d987a ON public.e_cash_historicalbankcard USING btree (history_date);


--
-- Name: e_cash_historicalbankcard_history_user_id_d0e36bd0; Type: INDEX; Schema: public; Owner: postgres
--

CREATE INDEX e_cash_historicalbankcard_history_user_id_d0e36bd0 ON public.e_cash_historicalbankcard USING btree (history_user_id);


--
-- Name: e_cash_historicalclient_client_id_133f8b9d; Type: INDEX; Schema: public; Owner: postgres
--

CREATE INDEX e_cash_historicalclient_client_id_133f8b9d ON public.e_cash_historicalclient USING btree (client_id);


--
-- Name: e_cash_historicalclient_client_id_133f8b9d_like; Type: INDEX; Schema: public; Owner: postgres
--

CREATE INDEX e_cash_historicalclient_client_id_133f8b9d_like ON public.e_cash_historicalclient USING btree (client_id varchar_pattern_ops);


--
-- Name: e_cash_historicalclient_email_e114ff42; Type: INDEX; Schema: public; Owner: postgres
--

CREATE INDEX e_cash_historicalclient_email_e114ff42 ON public.e_cash_historicalclient USING btree (email);


--
-- Name: e_cash_historicalclient_email_e114ff42_like; Type: INDEX; Schema: public; Owner: postgres
--

CREATE INDEX e_cash_historicalclient_email_e114ff42_like ON public.e_cash_historicalclient USING btree (email varchar_pattern_ops);


--
-- Name: e_cash_historicalclient_history_date_f7d0ad72; Type: INDEX; Schema: public; Owner: postgres
--

CREATE INDEX e_cash_historicalclient_history_date_f7d0ad72 ON public.e_cash_historicalclient USING btree (history_date);


--
-- Name: e_cash_historicalclient_history_user_id_4609c14d; Type: INDEX; Schema: public; Owner: postgres
--

CREATE INDEX e_cash_historicalclient_history_user_id_4609c14d ON public.e_cash_historicalclient USING btree (history_user_id);


--
-- Name: e_cash_historicaldocuments_document_id_0a408601; Type: INDEX; Schema: public; Owner: postgres
--

CREATE INDEX e_cash_historicaldocuments_document_id_0a408601 ON public.e_cash_historicaldocuments USING btree (document_id);


--
-- Name: e_cash_historicaldocuments_document_id_0a408601_like; Type: INDEX; Schema: public; Owner: postgres
--

CREATE INDEX e_cash_historicaldocuments_document_id_0a408601_like ON public.e_cash_historicaldocuments USING btree (document_id varchar_pattern_ops);


--
-- Name: e_cash_historicaldocuments_history_date_f0012f37; Type: INDEX; Schema: public; Owner: postgres
--

CREATE INDEX e_cash_historicaldocuments_history_date_f0012f37 ON public.e_cash_historicaldocuments USING btree (history_date);


--
-- Name: e_cash_historicaldocuments_history_user_id_46201139; Type: INDEX; Schema: public; Owner: postgres
--

CREATE INDEX e_cash_historicaldocuments_history_user_id_46201139 ON public.e_cash_historicaldocuments USING btree (history_user_id);


--
-- Name: e_cash_historicaldocuments_transaction_id_id_fc5fe569; Type: INDEX; Schema: public; Owner: postgres
--

CREATE INDEX e_cash_historicaldocuments_transaction_id_id_fc5fe569 ON public.e_cash_historicaldocuments USING btree (transaction_id_id);


--
-- Name: e_cash_historicaldocuments_transaction_id_id_fc5fe569_like; Type: INDEX; Schema: public; Owner: postgres
--

CREATE INDEX e_cash_historicaldocuments_transaction_id_id_fc5fe569_like ON public.e_cash_historicaldocuments USING btree (transaction_id_id varchar_pattern_ops);


--
-- Name: e_cash_historicalemployee_email_230263ca; Type: INDEX; Schema: public; Owner: postgres
--

CREATE INDEX e_cash_historicalemployee_email_230263ca ON public.e_cash_historicalemployee USING btree (email);


--
-- Name: e_cash_historicalemployee_email_230263ca_like; Type: INDEX; Schema: public; Owner: postgres
--

CREATE INDEX e_cash_historicalemployee_email_230263ca_like ON public.e_cash_historicalemployee USING btree (email varchar_pattern_ops);


--
-- Name: e_cash_historicalemployee_history_date_3ebb145d; Type: INDEX; Schema: public; Owner: postgres
--

CREATE INDEX e_cash_historicalemployee_history_date_3ebb145d ON public.e_cash_historicalemployee USING btree (history_date);


--
-- Name: e_cash_historicalemployee_history_user_id_a32212e4; Type: INDEX; Schema: public; Owner: postgres
--

CREATE INDEX e_cash_historicalemployee_history_user_id_a32212e4 ON public.e_cash_historicalemployee USING btree (history_user_id);


--
-- Name: e_cash_historicalemployee_matricle_9fb77f99; Type: INDEX; Schema: public; Owner: postgres
--

CREATE INDEX e_cash_historicalemployee_matricle_9fb77f99 ON public.e_cash_historicalemployee USING btree (matricle);


--
-- Name: e_cash_historicalemployee_matricle_9fb77f99_like; Type: INDEX; Schema: public; Owner: postgres
--

CREATE INDEX e_cash_historicalemployee_matricle_9fb77f99_like ON public.e_cash_historicalemployee USING btree (matricle varchar_pattern_ops);


--
-- Name: e_cash_historicaltransac_account_number_id_bb7b5a1f_like; Type: INDEX; Schema: public; Owner: postgres
--

CREATE INDEX e_cash_historicaltransac_account_number_id_bb7b5a1f_like ON public.e_cash_historicaltransactionaccount USING btree (account_number_id varchar_pattern_ops);


--
-- Name: e_cash_historicaltransac_emp_matricle_id_43377400_like; Type: INDEX; Schema: public; Owner: postgres
--

CREATE INDEX e_cash_historicaltransac_emp_matricle_id_43377400_like ON public.e_cash_historicaltransactionaccount USING btree (emp_matricle_id varchar_pattern_ops);


--
-- Name: e_cash_historicaltransac_transaction_id_id_42b5fa36_like; Type: INDEX; Schema: public; Owner: postgres
--

CREATE INDEX e_cash_historicaltransac_transaction_id_id_42b5fa36_like ON public.e_cash_historicaltransactionaccount USING btree (transaction_id_id varchar_pattern_ops);


--
-- Name: e_cash_historicaltransaction_history_date_501b6d13; Type: INDEX; Schema: public; Owner: postgres
--

CREATE INDEX e_cash_historicaltransaction_history_date_501b6d13 ON public.e_cash_historicaltransaction USING btree (history_date);


--
-- Name: e_cash_historicaltransaction_history_user_id_06347d5a; Type: INDEX; Schema: public; Owner: postgres
--

CREATE INDEX e_cash_historicaltransaction_history_user_id_06347d5a ON public.e_cash_historicaltransaction USING btree (history_user_id);


--
-- Name: e_cash_historicaltransaction_transaction_id_d706dabc; Type: INDEX; Schema: public; Owner: postgres
--

CREATE INDEX e_cash_historicaltransaction_transaction_id_d706dabc ON public.e_cash_historicaltransaction USING btree (transaction_id);


--
-- Name: e_cash_historicaltransaction_transaction_id_d706dabc_like; Type: INDEX; Schema: public; Owner: postgres
--

CREATE INDEX e_cash_historicaltransaction_transaction_id_d706dabc_like ON public.e_cash_historicaltransaction USING btree (transaction_id varchar_pattern_ops);


--
-- Name: e_cash_historicaltransactionaccount_account_number_id_bb7b5a1f; Type: INDEX; Schema: public; Owner: postgres
--

CREATE INDEX e_cash_historicaltransactionaccount_account_number_id_bb7b5a1f ON public.e_cash_historicaltransactionaccount USING btree (account_number_id);


--
-- Name: e_cash_historicaltransactionaccount_emp_matricle_id_43377400; Type: INDEX; Schema: public; Owner: postgres
--

CREATE INDEX e_cash_historicaltransactionaccount_emp_matricle_id_43377400 ON public.e_cash_historicaltransactionaccount USING btree (emp_matricle_id);


--
-- Name: e_cash_historicaltransactionaccount_history_date_c9dd9f55; Type: INDEX; Schema: public; Owner: postgres
--

CREATE INDEX e_cash_historicaltransactionaccount_history_date_c9dd9f55 ON public.e_cash_historicaltransactionaccount USING btree (history_date);


--
-- Name: e_cash_historicaltransactionaccount_history_user_id_00597122; Type: INDEX; Schema: public; Owner: postgres
--

CREATE INDEX e_cash_historicaltransactionaccount_history_user_id_00597122 ON public.e_cash_historicaltransactionaccount USING btree (history_user_id);


--
-- Name: e_cash_historicaltransactionaccount_id_c5d44839; Type: INDEX; Schema: public; Owner: postgres
--

CREATE INDEX e_cash_historicaltransactionaccount_id_c5d44839 ON public.e_cash_historicaltransactionaccount USING btree (id);


--
-- Name: e_cash_historicaltransactionaccount_transaction_id_id_42b5fa36; Type: INDEX; Schema: public; Owner: postgres
--

CREATE INDEX e_cash_historicaltransactionaccount_transaction_id_id_42b5fa36 ON public.e_cash_historicaltransactionaccount USING btree (transaction_id_id);


--
-- Name: e_cash_transaction_transaction_id_46222876_like; Type: INDEX; Schema: public; Owner: postgres
--

CREATE INDEX e_cash_transaction_transaction_id_46222876_like ON public.e_cash_transaction USING btree (transaction_id varchar_pattern_ops);


--
-- Name: e_cash_transactionaccount_account_number_id_0b0a01f6; Type: INDEX; Schema: public; Owner: postgres
--

CREATE INDEX e_cash_transactionaccount_account_number_id_0b0a01f6 ON public.e_cash_transactionaccount USING btree (account_number_id);


--
-- Name: e_cash_transactionaccount_emp_matricle_id_0b9b1cfc; Type: INDEX; Schema: public; Owner: postgres
--

CREATE INDEX e_cash_transactionaccount_emp_matricle_id_0b9b1cfc ON public.e_cash_transactionaccount USING btree (emp_matricle_id);


--
-- Name: e_cash_transactionaccount_transaction_id_id_c438c57b; Type: INDEX; Schema: public; Owner: postgres
--

CREATE INDEX e_cash_transactionaccount_transaction_id_id_c438c57b ON public.e_cash_transactionaccount USING btree (transaction_id_id);


--
-- Name: e_cash_transactionaccount_transaction_id_id_c438c57b_like; Type: INDEX; Schema: public; Owner: postgres
--

CREATE INDEX e_cash_transactionaccount_transaction_id_id_c438c57b_like ON public.e_cash_transactionaccount USING btree (transaction_id_id varchar_pattern_ops);


--
-- Name: auth_group_permissions auth_group_permissio_permission_id_84c5c92e_fk_auth_perm; Type: FK CONSTRAINT; Schema: public; Owner: postgres
--

ALTER TABLE ONLY public.auth_group_permissions
    ADD CONSTRAINT auth_group_permissio_permission_id_84c5c92e_fk_auth_perm FOREIGN KEY (permission_id) REFERENCES public.auth_permission(id) DEFERRABLE INITIALLY DEFERRED;


--
-- Name: auth_group_permissions auth_group_permissions_group_id_b120cbf9_fk_auth_group_id; Type: FK CONSTRAINT; Schema: public; Owner: postgres
--

ALTER TABLE ONLY public.auth_group_permissions
    ADD CONSTRAINT auth_group_permissions_group_id_b120cbf9_fk_auth_group_id FOREIGN KEY (group_id) REFERENCES public.auth_group(id) DEFERRABLE INITIALLY DEFERRED;


--
-- Name: auth_permission auth_permission_content_type_id_2f476e4b_fk_django_co; Type: FK CONSTRAINT; Schema: public; Owner: postgres
--

ALTER TABLE ONLY public.auth_permission
    ADD CONSTRAINT auth_permission_content_type_id_2f476e4b_fk_django_co FOREIGN KEY (content_type_id) REFERENCES public.django_content_type(id) DEFERRABLE INITIALLY DEFERRED;


--
-- Name: auth_user_groups auth_user_groups_group_id_97559544_fk_auth_group_id; Type: FK CONSTRAINT; Schema: public; Owner: postgres
--

ALTER TABLE ONLY public.auth_user_groups
    ADD CONSTRAINT auth_user_groups_group_id_97559544_fk_auth_group_id FOREIGN KEY (group_id) REFERENCES public.auth_group(id) DEFERRABLE INITIALLY DEFERRED;


--
-- Name: auth_user_groups auth_user_groups_user_id_6a12ed8b_fk_auth_user_id; Type: FK CONSTRAINT; Schema: public; Owner: postgres
--

ALTER TABLE ONLY public.auth_user_groups
    ADD CONSTRAINT auth_user_groups_user_id_6a12ed8b_fk_auth_user_id FOREIGN KEY (user_id) REFERENCES public.auth_user(id) DEFERRABLE INITIALLY DEFERRED;


--
-- Name: auth_user_user_permissions auth_user_user_permi_permission_id_1fbb5f2c_fk_auth_perm; Type: FK CONSTRAINT; Schema: public; Owner: postgres
--

ALTER TABLE ONLY public.auth_user_user_permissions
    ADD CONSTRAINT auth_user_user_permi_permission_id_1fbb5f2c_fk_auth_perm FOREIGN KEY (permission_id) REFERENCES public.auth_permission(id) DEFERRABLE INITIALLY DEFERRED;


--
-- Name: auth_user_user_permissions auth_user_user_permissions_user_id_a95ead1b_fk_auth_user_id; Type: FK CONSTRAINT; Schema: public; Owner: postgres
--

ALTER TABLE ONLY public.auth_user_user_permissions
    ADD CONSTRAINT auth_user_user_permissions_user_id_a95ead1b_fk_auth_user_id FOREIGN KEY (user_id) REFERENCES public.auth_user(id) DEFERRABLE INITIALLY DEFERRED;


--
-- Name: authtoken_token authtoken_token_user_id_35299eff_fk_auth_user_id; Type: FK CONSTRAINT; Schema: public; Owner: postgres
--

ALTER TABLE ONLY public.authtoken_token
    ADD CONSTRAINT authtoken_token_user_id_35299eff_fk_auth_user_id FOREIGN KEY (user_id) REFERENCES public.auth_user(id) DEFERRABLE INITIALLY DEFERRED;


--
-- Name: django_admin_log django_admin_log_content_type_id_c4bce8eb_fk_django_co; Type: FK CONSTRAINT; Schema: public; Owner: postgres
--

ALTER TABLE ONLY public.django_admin_log
    ADD CONSTRAINT django_admin_log_content_type_id_c4bce8eb_fk_django_co FOREIGN KEY (content_type_id) REFERENCES public.django_content_type(id) DEFERRABLE INITIALLY DEFERRED;


--
-- Name: django_admin_log django_admin_log_user_id_c564eba6_fk_auth_user_id; Type: FK CONSTRAINT; Schema: public; Owner: postgres
--

ALTER TABLE ONLY public.django_admin_log
    ADD CONSTRAINT django_admin_log_user_id_c564eba6_fk_auth_user_id FOREIGN KEY (user_id) REFERENCES public.auth_user(id) DEFERRABLE INITIALLY DEFERRED;


--
-- Name: e_cash_atmtransactaccount e_cash_atmtransactac_atm_id_id_af8dc8a8_fk_e_cash_at; Type: FK CONSTRAINT; Schema: public; Owner: postgres
--

ALTER TABLE ONLY public.e_cash_atmtransactaccount
    ADD CONSTRAINT e_cash_atmtransactac_atm_id_id_af8dc8a8_fk_e_cash_at FOREIGN KEY (atm_id_id) REFERENCES public.e_cash_atm(atm_id) DEFERRABLE INITIALLY DEFERRED;


--
-- Name: e_cash_atmtransactaccount e_cash_atmtransactaccount_account_number_id_3276bdd9_fk; Type: FK CONSTRAINT; Schema: public; Owner: postgres
--

ALTER TABLE ONLY public.e_cash_atmtransactaccount
    ADD CONSTRAINT e_cash_atmtransactaccount_account_number_id_3276bdd9_fk FOREIGN KEY (account_number_id) REFERENCES public.e_cash_bankcard(account_number) DEFERRABLE INITIALLY DEFERRED;


--
-- Name: e_cash_atmtransactaccount e_cash_atmtransactaccount_emp_matricle_id_ff92b623_fk; Type: FK CONSTRAINT; Schema: public; Owner: postgres
--

ALTER TABLE ONLY public.e_cash_atmtransactaccount
    ADD CONSTRAINT e_cash_atmtransactaccount_emp_matricle_id_ff92b623_fk FOREIGN KEY (emp_matricle_id) REFERENCES public.e_cash_employee(matricle) DEFERRABLE INITIALLY DEFERRED;


--
-- Name: e_cash_atmtransactaccount e_cash_atmtransactaccount_transaction_id_id_7b1a4b44_fk; Type: FK CONSTRAINT; Schema: public; Owner: postgres
--

ALTER TABLE ONLY public.e_cash_atmtransactaccount
    ADD CONSTRAINT e_cash_atmtransactaccount_transaction_id_id_7b1a4b44_fk FOREIGN KEY (transaction_id_id) REFERENCES public.e_cash_transaction(transaction_id) DEFERRABLE INITIALLY DEFERRED;


--
-- Name: e_cash_bankcard e_cash_bankcard_client_id_3371a07f_fk_e_cash_client_client_id; Type: FK CONSTRAINT; Schema: public; Owner: postgres
--

ALTER TABLE ONLY public.e_cash_bankcard
    ADD CONSTRAINT e_cash_bankcard_client_id_3371a07f_fk_e_cash_client_client_id FOREIGN KEY (client_id) REFERENCES public.e_cash_client(client_id) DEFERRABLE INITIALLY DEFERRED;


--
-- Name: e_cash_documents e_cash_documents_transaction_id_id_4cc9c3b6_fk; Type: FK CONSTRAINT; Schema: public; Owner: postgres
--

ALTER TABLE ONLY public.e_cash_documents
    ADD CONSTRAINT e_cash_documents_transaction_id_id_4cc9c3b6_fk FOREIGN KEY (transaction_id_id) REFERENCES public.e_cash_transaction(transaction_id) DEFERRABLE INITIALLY DEFERRED;


--
-- Name: e_cash_historicaladmin e_cash_historicaladmin_history_user_id_ebc21cc7_fk_auth_user_id; Type: FK CONSTRAINT; Schema: public; Owner: postgres
--

ALTER TABLE ONLY public.e_cash_historicaladmin
    ADD CONSTRAINT e_cash_historicaladmin_history_user_id_ebc21cc7_fk_auth_user_id FOREIGN KEY (history_user_id) REFERENCES public.auth_user(id) DEFERRABLE INITIALLY DEFERRED;


--
-- Name: e_cash_historicalatmtransactaccount e_cash_historicalatm_history_user_id_970d4d67_fk_auth_user; Type: FK CONSTRAINT; Schema: public; Owner: postgres
--

ALTER TABLE ONLY public.e_cash_historicalatmtransactaccount
    ADD CONSTRAINT e_cash_historicalatm_history_user_id_970d4d67_fk_auth_user FOREIGN KEY (history_user_id) REFERENCES public.auth_user(id) DEFERRABLE INITIALLY DEFERRED;


--
-- Name: e_cash_historicalatm e_cash_historicalatm_history_user_id_b9dcc7f3_fk_auth_user_id; Type: FK CONSTRAINT; Schema: public; Owner: postgres
--

ALTER TABLE ONLY public.e_cash_historicalatm
    ADD CONSTRAINT e_cash_historicalatm_history_user_id_b9dcc7f3_fk_auth_user_id FOREIGN KEY (history_user_id) REFERENCES public.auth_user(id) DEFERRABLE INITIALLY DEFERRED;


--
-- Name: e_cash_historicalbankcard e_cash_historicalban_history_user_id_d0e36bd0_fk_auth_user; Type: FK CONSTRAINT; Schema: public; Owner: postgres
--

ALTER TABLE ONLY public.e_cash_historicalbankcard
    ADD CONSTRAINT e_cash_historicalban_history_user_id_d0e36bd0_fk_auth_user FOREIGN KEY (history_user_id) REFERENCES public.auth_user(id) DEFERRABLE INITIALLY DEFERRED;


--
-- Name: e_cash_historicalclient e_cash_historicalcli_history_user_id_4609c14d_fk_auth_user; Type: FK CONSTRAINT; Schema: public; Owner: postgres
--

ALTER TABLE ONLY public.e_cash_historicalclient
    ADD CONSTRAINT e_cash_historicalcli_history_user_id_4609c14d_fk_auth_user FOREIGN KEY (history_user_id) REFERENCES public.auth_user(id) DEFERRABLE INITIALLY DEFERRED;


--
-- Name: e_cash_historicaldocuments e_cash_historicaldoc_history_user_id_46201139_fk_auth_user; Type: FK CONSTRAINT; Schema: public; Owner: postgres
--

ALTER TABLE ONLY public.e_cash_historicaldocuments
    ADD CONSTRAINT e_cash_historicaldoc_history_user_id_46201139_fk_auth_user FOREIGN KEY (history_user_id) REFERENCES public.auth_user(id) DEFERRABLE INITIALLY DEFERRED;


--
-- Name: e_cash_historicalemployee e_cash_historicalemp_history_user_id_a32212e4_fk_auth_user; Type: FK CONSTRAINT; Schema: public; Owner: postgres
--

ALTER TABLE ONLY public.e_cash_historicalemployee
    ADD CONSTRAINT e_cash_historicalemp_history_user_id_a32212e4_fk_auth_user FOREIGN KEY (history_user_id) REFERENCES public.auth_user(id) DEFERRABLE INITIALLY DEFERRED;


--
-- Name: e_cash_historicaltransactionaccount e_cash_historicaltra_history_user_id_00597122_fk_auth_user; Type: FK CONSTRAINT; Schema: public; Owner: postgres
--

ALTER TABLE ONLY public.e_cash_historicaltransactionaccount
    ADD CONSTRAINT e_cash_historicaltra_history_user_id_00597122_fk_auth_user FOREIGN KEY (history_user_id) REFERENCES public.auth_user(id) DEFERRABLE INITIALLY DEFERRED;


--
-- Name: e_cash_historicaltransaction e_cash_historicaltra_history_user_id_06347d5a_fk_auth_user; Type: FK CONSTRAINT; Schema: public; Owner: postgres
--

ALTER TABLE ONLY public.e_cash_historicaltransaction
    ADD CONSTRAINT e_cash_historicaltra_history_user_id_06347d5a_fk_auth_user FOREIGN KEY (history_user_id) REFERENCES public.auth_user(id) DEFERRABLE INITIALLY DEFERRED;


--
-- Name: e_cash_transactionaccount e_cash_transactionaccount_account_number_id_0b0a01f6_fk; Type: FK CONSTRAINT; Schema: public; Owner: postgres
--

ALTER TABLE ONLY public.e_cash_transactionaccount
    ADD CONSTRAINT e_cash_transactionaccount_account_number_id_0b0a01f6_fk FOREIGN KEY (account_number_id) REFERENCES public.e_cash_bankcard(account_number) DEFERRABLE INITIALLY DEFERRED;


--
-- Name: e_cash_transactionaccount e_cash_transactionaccount_emp_matricle_id_0b9b1cfc_fk; Type: FK CONSTRAINT; Schema: public; Owner: postgres
--

ALTER TABLE ONLY public.e_cash_transactionaccount
    ADD CONSTRAINT e_cash_transactionaccount_emp_matricle_id_0b9b1cfc_fk FOREIGN KEY (emp_matricle_id) REFERENCES public.e_cash_employee(matricle) DEFERRABLE INITIALLY DEFERRED;


--
-- Name: e_cash_transactionaccount e_cash_transactionaccount_transaction_id_id_c438c57b_fk; Type: FK CONSTRAINT; Schema: public; Owner: postgres
--

ALTER TABLE ONLY public.e_cash_transactionaccount
    ADD CONSTRAINT e_cash_transactionaccount_transaction_id_id_c438c57b_fk FOREIGN KEY (transaction_id_id) REFERENCES public.e_cash_transaction(transaction_id) DEFERRABLE INITIALLY DEFERRED;


--
-- PostgreSQL database dump complete
--

