--
-- PostgreSQL database dump
--

-- Dumped from database version 15.0
-- Dumped by pg_dump version 15.0

SET statement_timeout = 0;
SET lock_timeout = 0;
SET idle_in_transaction_session_timeout = 0;
SET client_encoding = 'UTF8';
SET standard_conforming_strings = on;
SELECT pg_catalog.set_config('search_path', '', false);
SET check_function_bodies = false;
SET xmloption = content;
SET client_min_messages = warning;
SET row_security = off;

SET default_tablespace = '';

SET default_table_access_method = heap;

--
-- Name: auth_group; Type: TABLE; Schema: public; Owner: postgres
--

CREATE TABLE public.auth_group (
    id integer NOT NULL,
    name character varying(150) NOT NULL
);


ALTER TABLE public.auth_group OWNER TO postgres;

--
-- Name: auth_group_id_seq; Type: SEQUENCE; Schema: public; Owner: postgres
--

ALTER TABLE public.auth_group ALTER COLUMN id ADD GENERATED BY DEFAULT AS IDENTITY (
    SEQUENCE NAME public.auth_group_id_seq
    START WITH 1
    INCREMENT BY 1
    NO MINVALUE
    NO MAXVALUE
    CACHE 1
);


--
-- Name: auth_group_permissions; Type: TABLE; Schema: public; Owner: postgres
--

CREATE TABLE public.auth_group_permissions (
    id bigint NOT NULL,
    group_id integer NOT NULL,
    permission_id integer NOT NULL
);


ALTER TABLE public.auth_group_permissions OWNER TO postgres;

--
-- Name: auth_group_permissions_id_seq; Type: SEQUENCE; Schema: public; Owner: postgres
--

ALTER TABLE public.auth_group_permissions ALTER COLUMN id ADD GENERATED BY DEFAULT AS IDENTITY (
    SEQUENCE NAME public.auth_group_permissions_id_seq
    START WITH 1
    INCREMENT BY 1
    NO MINVALUE
    NO MAXVALUE
    CACHE 1
);


--
-- Name: auth_permission; Type: TABLE; Schema: public; Owner: postgres
--

CREATE TABLE public.auth_permission (
    id integer NOT NULL,
    name character varying(255) NOT NULL,
    content_type_id integer NOT NULL,
    codename character varying(100) NOT NULL
);


ALTER TABLE public.auth_permission OWNER TO postgres;

--
-- Name: auth_permission_id_seq; Type: SEQUENCE; Schema: public; Owner: postgres
--

ALTER TABLE public.auth_permission ALTER COLUMN id ADD GENERATED BY DEFAULT AS IDENTITY (
    SEQUENCE NAME public.auth_permission_id_seq
    START WITH 1
    INCREMENT BY 1
    NO MINVALUE
    NO MAXVALUE
    CACHE 1
);


--
-- Name: auth_user; Type: TABLE; Schema: public; Owner: postgres
--

CREATE TABLE public.auth_user (
    id integer NOT NULL,
    password character varying(128) NOT NULL,
    last_login timestamp with time zone,
    is_superuser boolean NOT NULL,
    username character varying(150) NOT NULL,
    first_name character varying(150) NOT NULL,
    last_name character varying(150) NOT NULL,
    email character varying(254) NOT NULL,
    is_staff boolean NOT NULL,
    is_active boolean NOT NULL,
    date_joined timestamp with time zone NOT NULL
);


ALTER TABLE public.auth_user OWNER TO postgres;

--
-- Name: auth_user_groups; Type: TABLE; Schema: public; Owner: postgres
--

CREATE TABLE public.auth_user_groups (
    id bigint NOT NULL,
    user_id integer NOT NULL,
    group_id integer NOT NULL
);


ALTER TABLE public.auth_user_groups OWNER TO postgres;

--
-- Name: auth_user_groups_id_seq; Type: SEQUENCE; Schema: public; Owner: postgres
--

ALTER TABLE public.auth_user_groups ALTER COLUMN id ADD GENERATED BY DEFAULT AS IDENTITY (
    SEQUENCE NAME public.auth_user_groups_id_seq
    START WITH 1
    INCREMENT BY 1
    NO MINVALUE
    NO MAXVALUE
    CACHE 1
);


--
-- Name: auth_user_id_seq; Type: SEQUENCE; Schema: public; Owner: postgres
--

ALTER TABLE public.auth_user ALTER COLUMN id ADD GENERATED BY DEFAULT AS IDENTITY (
    SEQUENCE NAME public.auth_user_id_seq
    START WITH 1
    INCREMENT BY 1
    NO MINVALUE
    NO MAXVALUE
    CACHE 1
);


--
-- Name: auth_user_user_permissions; Type: TABLE; Schema: public; Owner: postgres
--

CREATE TABLE public.auth_user_user_permissions (
    id bigint NOT NULL,
    user_id integer NOT NULL,
    permission_id integer NOT NULL
);


ALTER TABLE public.auth_user_user_permissions OWNER TO postgres;

--
-- Name: auth_user_user_permissions_id_seq; Type: SEQUENCE; Schema: public; Owner: postgres
--

ALTER TABLE public.auth_user_user_permissions ALTER COLUMN id ADD GENERATED BY DEFAULT AS IDENTITY (
    SEQUENCE NAME public.auth_user_user_permissions_id_seq
    START WITH 1
    INCREMENT BY 1
    NO MINVALUE
    NO MAXVALUE
    CACHE 1
);


--
-- Name: authtoken_token; Type: TABLE; Schema: public; Owner: postgres
--

CREATE TABLE public.authtoken_token (
    key character varying(40) NOT NULL,
    created timestamp with time zone NOT NULL,
    user_id integer NOT NULL
);


ALTER TABLE public.authtoken_token OWNER TO postgres;

--
-- Name: django_admin_log; Type: TABLE; Schema: public; Owner: postgres
--

CREATE TABLE public.django_admin_log (
    id integer NOT NULL,
    action_time timestamp with time zone NOT NULL,
    object_id text,
    object_repr character varying(200) NOT NULL,
    action_flag smallint NOT NULL,
    change_message text NOT NULL,
    content_type_id integer,
    user_id integer NOT NULL,
    CONSTRAINT django_admin_log_action_flag_check CHECK ((action_flag >= 0))
);


ALTER TABLE public.django_admin_log OWNER TO postgres;

--
-- Name: django_admin_log_id_seq; Type: SEQUENCE; Schema: public; Owner: postgres
--

ALTER TABLE public.django_admin_log ALTER COLUMN id ADD GENERATED BY DEFAULT AS IDENTITY (
    SEQUENCE NAME public.django_admin_log_id_seq
    START WITH 1
    INCREMENT BY 1
    NO MINVALUE
    NO MAXVALUE
    CACHE 1
);


--
-- Name: django_content_type; Type: TABLE; Schema: public; Owner: postgres
--

CREATE TABLE public.django_content_type (
    id integer NOT NULL,
    app_label character varying(100) NOT NULL,
    model character varying(100) NOT NULL
);


ALTER TABLE public.django_content_type OWNER TO postgres;

--
-- Name: django_content_type_id_seq; Type: SEQUENCE; Schema: public; Owner: postgres
--

ALTER TABLE public.django_content_type ALTER COLUMN id ADD GENERATED BY DEFAULT AS IDENTITY (
    SEQUENCE NAME public.django_content_type_id_seq
    START WITH 1
    INCREMENT BY 1
    NO MINVALUE
    NO MAXVALUE
    CACHE 1
);


--
-- Name: django_migrations; Type: TABLE; Schema: public; Owner: postgres
--

CREATE TABLE public.django_migrations (
    id bigint NOT NULL,
    app character varying(255) NOT NULL,
    name character varying(255) NOT NULL,
    applied timestamp with time zone NOT NULL
);


ALTER TABLE public.django_migrations OWNER TO postgres;

--
-- Name: django_migrations_id_seq; Type: SEQUENCE; Schema: public; Owner: postgres
--

ALTER TABLE public.django_migrations ALTER COLUMN id ADD GENERATED BY DEFAULT AS IDENTITY (
    SEQUENCE NAME public.django_migrations_id_seq
    START WITH 1
    INCREMENT BY 1
    NO MINVALUE
    NO MAXVALUE
    CACHE 1
);


--
-- Name: django_session; Type: TABLE; Schema: public; Owner: postgres
--

CREATE TABLE public.django_session (
    session_key character varying(40) NOT NULL,
    session_data text NOT NULL,
    expire_date timestamp with time zone NOT NULL
);


ALTER TABLE public.django_session OWNER TO postgres;

--
-- Name: e_cash_admin; Type: TABLE; Schema: public; Owner: postgres
--

CREATE TABLE public.e_cash_admin (
    admin_id character varying(64) NOT NULL,
    username character varying(20) NOT NULL,
    time_created timestamp with time zone NOT NULL,
    password text NOT NULL
);


ALTER TABLE public.e_cash_admin OWNER TO postgres;

--
-- Name: e_cash_atm; Type: TABLE; Schema: public; Owner: postgres
--

CREATE TABLE public.e_cash_atm (
    atm_id character varying(64) NOT NULL,
    location character varying(20) NOT NULL,
    atm_balance double precision NOT NULL
);


ALTER TABLE public.e_cash_atm OWNER TO postgres;

--
-- Name: e_cash_atmtransactaccount; Type: TABLE; Schema: public; Owner: postgres
--

CREATE TABLE public.e_cash_atmtransactaccount (
    id bigint NOT NULL,
    atm_id_id character varying(64) NOT NULL,
    account_number_id character varying(64) NOT NULL,
    transaction_id_id character varying NOT NULL,
    emp_matricle_id character varying(64)
);


ALTER TABLE public.e_cash_atmtransactaccount OWNER TO postgres;

--
-- Name: e_cash_atmtransactaccount_id_seq; Type: SEQUENCE; Schema: public; Owner: postgres
--

ALTER TABLE public.e_cash_atmtransactaccount ALTER COLUMN id ADD GENERATED BY DEFAULT AS IDENTITY (
    SEQUENCE NAME public.e_cash_atmtransactaccount_id_seq
    START WITH 1
    INCREMENT BY 1
    NO MINVALUE
    NO MAXVALUE
    CACHE 1
);


--
-- Name: e_cash_bankcard; Type: TABLE; Schema: public; Owner: postgres
--

CREATE TABLE public.e_cash_bankcard (
    account_number character varying(64) NOT NULL,
    balance double precision NOT NULL,
    client_id character varying(64) NOT NULL
);


ALTER TABLE public.e_cash_bankcard OWNER TO postgres;

--
-- Name: e_cash_client; Type: TABLE; Schema: public; Owner: postgres
--

CREATE TABLE public.e_cash_client (
    client_id character varying(64) NOT NULL,
    username character varying(20) NOT NULL,
    email character varying(20) NOT NULL,
    time_created timestamp with time zone NOT NULL,
    password text NOT NULL,
    status character varying(20) NOT NULL,
    tel bigint NOT NULL,
    CONSTRAINT e_cash_client_tel_check CHECK ((tel >= 0))
);


ALTER TABLE public.e_cash_client OWNER TO postgres;

--
-- Name: e_cash_documents; Type: TABLE; Schema: public; Owner: postgres
--

CREATE TABLE public.e_cash_documents (
    document_id character varying(120) NOT NULL,
    doc character varying(100) NOT NULL,
    transaction_id_id character varying NOT NULL
);


ALTER TABLE public.e_cash_documents OWNER TO postgres;

--
-- Name: e_cash_employee; Type: TABLE; Schema: public; Owner: postgres
--

CREATE TABLE public.e_cash_employee (
    matricle character varying(64) NOT NULL,
    username character varying(20) NOT NULL,
    email character varying(20) NOT NULL,
    time_created timestamp with time zone NOT NULL,
    password text NOT NULL,
    status character varying(20) NOT NULL,
    tel bigint NOT NULL,
    CONSTRAINT e_cash_employee_tel_check CHECK ((tel >= 0))
);


ALTER TABLE public.e_cash_employee OWNER TO postgres;

--
-- Name: e_cash_transaction; Type: TABLE; Schema: public; Owner: postgres
--

CREATE TABLE public.e_cash_transaction (
    transaction_id character varying NOT NULL,
    transaction_type character varying(20) NOT NULL,
    transaction_date timestamp with time zone NOT NULL,
    transaction_amount double precision NOT NULL
);


ALTER TABLE public.e_cash_transaction OWNER TO postgres;

--
-- Name: e_cash_transactionaccount; Type: TABLE; Schema: public; Owner: postgres
--

CREATE TABLE public.e_cash_transactionaccount (
    id bigint NOT NULL,
    account_number_id character varying(64) NOT NULL,
    transaction_id_id character varying NOT NULL,
    emp_matricle_id character varying(64) NOT NULL
);


ALTER TABLE public.e_cash_transactionaccount OWNER TO postgres;

--
-- Name: e_cash_transactionaccount_id_seq; Type: SEQUENCE; Schema: public; Owner: postgres
--

ALTER TABLE public.e_cash_transactionaccount ALTER COLUMN id ADD GENERATED BY DEFAULT AS IDENTITY (
    SEQUENCE NAME public.e_cash_transactionaccount_id_seq
    START WITH 1
    INCREMENT BY 1
    NO MINVALUE
    NO MAXVALUE
    CACHE 1
);


--
-- Data for Name: auth_group; Type: TABLE DATA; Schema: public; Owner: postgres
--

COPY public.auth_group (id, name) FROM stdin;
\.


--
-- Data for Name: auth_group_permissions; Type: TABLE DATA; Schema: public; Owner: postgres
--

COPY public.auth_group_permissions (id, group_id, permission_id) FROM stdin;
\.


--
-- Data for Name: auth_permission; Type: TABLE DATA; Schema: public; Owner: postgres
--

COPY public.auth_permission (id, name, content_type_id, codename) FROM stdin;
1	Can add log entry	1	add_logentry
2	Can change log entry	1	change_logentry
3	Can delete log entry	1	delete_logentry
4	Can view log entry	1	view_logentry
5	Can add permission	2	add_permission
6	Can change permission	2	change_permission
7	Can delete permission	2	delete_permission
8	Can view permission	2	view_permission
9	Can add group	3	add_group
10	Can change group	3	change_group
11	Can delete group	3	delete_group
12	Can view group	3	view_group
13	Can add user	4	add_user
14	Can change user	4	change_user
15	Can delete user	4	delete_user
16	Can view user	4	view_user
17	Can add content type	5	add_contenttype
18	Can change content type	5	change_contenttype
19	Can delete content type	5	delete_contenttype
20	Can view content type	5	view_contenttype
21	Can add session	6	add_session
22	Can change session	6	change_session
23	Can delete session	6	delete_session
24	Can view session	6	view_session
25	Can add Token	7	add_token
26	Can change Token	7	change_token
27	Can delete Token	7	delete_token
28	Can view Token	7	view_token
29	Can add Token	8	add_tokenproxy
30	Can change Token	8	change_tokenproxy
31	Can delete Token	8	delete_tokenproxy
32	Can view Token	8	view_tokenproxy
33	Can add auth manager	9	add_authmanager
34	Can change auth manager	9	change_authmanager
35	Can delete auth manager	9	delete_authmanager
36	Can view auth manager	9	view_authmanager
37	Can add atm	10	add_atm
38	Can change atm	10	change_atm
39	Can delete atm	10	delete_atm
40	Can view atm	10	view_atm
41	Can add transaction	11	add_transaction
42	Can change transaction	11	change_transaction
43	Can delete transaction	11	delete_transaction
44	Can view transaction	11	view_transaction
45	Can add admin	12	add_admin
46	Can change admin	12	change_admin
47	Can delete admin	12	delete_admin
48	Can view admin	12	view_admin
49	Can add client	13	add_client
50	Can change client	13	change_client
51	Can delete client	13	delete_client
52	Can view client	13	view_client
53	Can add employee	14	add_employee
54	Can change employee	14	change_employee
55	Can delete employee	14	delete_employee
56	Can view employee	14	view_employee
57	Can add bank card	15	add_bankcard
58	Can change bank card	15	change_bankcard
59	Can delete bank card	15	delete_bankcard
60	Can view bank card	15	view_bankcard
61	Can add transaction account	16	add_transactionaccount
62	Can change transaction account	16	change_transactionaccount
63	Can delete transaction account	16	delete_transactionaccount
64	Can view transaction account	16	view_transactionaccount
65	Can add atm transact account	17	add_atmtransactaccount
66	Can change atm transact account	17	change_atmtransactaccount
67	Can delete atm transact account	17	delete_atmtransactaccount
68	Can view atm transact account	17	view_atmtransactaccount
69	Can add documents	18	add_documents
70	Can change documents	18	change_documents
71	Can delete documents	18	delete_documents
72	Can view documents	18	view_documents
\.


--
-- Data for Name: auth_user; Type: TABLE DATA; Schema: public; Owner: postgres
--

COPY public.auth_user (id, password, last_login, is_superuser, username, first_name, last_name, email, is_staff, is_active, date_joined) FROM stdin;
7	12345	\N	f	Chris KSAC				f	t	2024-05-31 01:06:39.235818+02
\.


--
-- Data for Name: auth_user_groups; Type: TABLE DATA; Schema: public; Owner: postgres
--

COPY public.auth_user_groups (id, user_id, group_id) FROM stdin;
\.


--
-- Data for Name: auth_user_user_permissions; Type: TABLE DATA; Schema: public; Owner: postgres
--

COPY public.auth_user_user_permissions (id, user_id, permission_id) FROM stdin;
\.


--
-- Data for Name: authtoken_token; Type: TABLE DATA; Schema: public; Owner: postgres
--

COPY public.authtoken_token (key, created, user_id) FROM stdin;
b20ef2c0c7321c144004c24220afd523ed18d1d8	2024-05-31 01:06:39.321907+02	7
\.


--
-- Data for Name: django_admin_log; Type: TABLE DATA; Schema: public; Owner: postgres
--

COPY public.django_admin_log (id, action_time, object_id, object_repr, action_flag, change_message, content_type_id, user_id) FROM stdin;
\.


--
-- Data for Name: django_content_type; Type: TABLE DATA; Schema: public; Owner: postgres
--

COPY public.django_content_type (id, app_label, model) FROM stdin;
1	admin	logentry
2	auth	permission
3	auth	group
4	auth	user
5	contenttypes	contenttype
6	sessions	session
7	authtoken	token
8	authtoken	tokenproxy
9	e_cash	authmanager
10	e_cash	atm
11	e_cash	transaction
12	e_cash	admin
13	e_cash	client
14	e_cash	employee
15	e_cash	bankcard
16	e_cash	transactionaccount
17	e_cash	atmtransactaccount
18	e_cash	documents
\.


--
-- Data for Name: django_migrations; Type: TABLE DATA; Schema: public; Owner: postgres
--

COPY public.django_migrations (id, app, name, applied) FROM stdin;
1	contenttypes	0001_initial	2024-05-30 20:54:44.759482+02
2	auth	0001_initial	2024-05-30 20:54:46.103261+02
3	admin	0001_initial	2024-05-30 20:54:46.294585+02
4	admin	0002_logentry_remove_auto_add	2024-05-30 20:54:46.304593+02
5	admin	0003_logentry_add_action_flag_choices	2024-05-30 20:54:46.313655+02
6	contenttypes	0002_remove_content_type_name	2024-05-30 20:54:46.39114+02
7	auth	0002_alter_permission_name_max_length	2024-05-30 20:54:46.397813+02
8	auth	0003_alter_user_email_max_length	2024-05-30 20:54:46.402813+02
9	auth	0004_alter_user_username_opts	2024-05-30 20:54:46.413706+02
10	auth	0005_alter_user_last_login_null	2024-05-30 20:54:46.418705+02
11	auth	0006_require_contenttypes_0002	2024-05-30 20:54:46.423705+02
12	auth	0007_alter_validators_add_error_messages	2024-05-30 20:54:46.428702+02
13	auth	0008_alter_user_username_max_length	2024-05-30 20:54:46.620129+02
14	auth	0009_alter_user_last_name_max_length	2024-05-30 20:54:46.675688+02
15	auth	0010_alter_group_name_max_length	2024-05-30 20:54:46.730684+02
16	auth	0011_update_proxy_permissions	2024-05-30 20:54:46.765681+02
17	auth	0012_alter_user_first_name_max_length	2024-05-30 20:54:46.775681+02
18	authtoken	0001_initial	2024-05-30 20:54:47.015798+02
19	authtoken	0002_auto_20160226_1747	2024-05-30 20:54:47.050856+02
20	authtoken	0003_tokenproxy	2024-05-30 20:54:47.055854+02
21	authtoken	0004_alter_tokenproxy_options	2024-05-30 20:54:47.060856+02
22	e_cash	0001_initial	2024-05-30 20:54:49.920698+02
23	sessions	0001_initial	2024-05-30 20:54:50.304335+02
24	e_cash	0002_remove_client_authmanager_ptr_and_more	2024-05-30 21:13:13.975961+02
25	e_cash	0002_alter_admin_admin_id	2024-05-30 21:15:22.420513+02
26	e_cash	0003_alter_admin_admin_id_alter_bankcard_account_number	2024-05-30 21:24:41.055702+02
27	e_cash	0004_remove_transaction_docs_alter_admin_admin_id	2024-05-31 08:09:03.196484+02
28	e_cash	0005_alter_admin_admin_id_documents	2024-05-31 11:28:06.909356+02
\.


--
-- Data for Name: django_session; Type: TABLE DATA; Schema: public; Owner: postgres
--

COPY public.django_session (session_key, session_data, expire_date) FROM stdin;
\.


--
-- Data for Name: e_cash_admin; Type: TABLE DATA; Schema: public; Owner: postgres
--

COPY public.e_cash_admin (admin_id, username, time_created, password) FROM stdin;
admin122e1a9d-e9e7-4a91-9623-471f29510d87	prince	2024-05-30 23:35:26.7483+02	pbkdf2_sha256$720000$bSp3pYAIWnvstciWQEFgAB$+jXe/dfkHCKw8rWe7BDj6MhBXoPovs8IDIlib8HcZ+k=
\.


--
-- Data for Name: e_cash_atm; Type: TABLE DATA; Schema: public; Owner: postgres
--

COPY public.e_cash_atm (atm_id, location, atm_balance) FROM stdin;
\.


--
-- Data for Name: e_cash_atmtransactaccount; Type: TABLE DATA; Schema: public; Owner: postgres
--

COPY public.e_cash_atmtransactaccount (id, atm_id_id, account_number_id, transaction_id_id, emp_matricle_id) FROM stdin;
\.


--
-- Data for Name: e_cash_bankcard; Type: TABLE DATA; Schema: public; Owner: postgres
--

COPY public.e_cash_bankcard (account_number, balance, client_id) FROM stdin;
96c400cb-106e-4e40-9c53-efc40755274f	119500	4ef4f0be-d6b2-4c71-8e00-c41bc286a57a
b67b61a4-0fc2-4691-b5a0-f913e7fcb738	512450	4ef4f0be-d6b2-4c71-8e00-c41bc286a57a
\.


--
-- Data for Name: e_cash_client; Type: TABLE DATA; Schema: public; Owner: postgres
--

COPY public.e_cash_client (client_id, username, email, time_created, password, status, tel) FROM stdin;
4ef4f0be-d6b2-4c71-8e00-c41bc286a57a	Chris KSAC	chris@gmail.com	2024-05-30 21:18:44.574659+02	pbkdf2_sha256$720000$xLNoaRVaw4c924zK2X5vI2$7Z0QUCDmDe3GlN9+7JaOj3NlAp6tJgz3CV7mF45TMVc=	active	675486952
\.


--
-- Data for Name: e_cash_documents; Type: TABLE DATA; Schema: public; Owner: postgres
--

COPY public.e_cash_documents (document_id, doc, transaction_id_id) FROM stdin;
6a5f2091-8e2e-47a5-a25d-4df97469a51b	documents/12828.jpg	7e3547b4-b732-498b-9029-cbe8f00e29a7
695d5a77-dc47-40c0-a3bb-12bbc1f838bf	documents/15037.jpg	7e3547b4-b732-498b-9029-cbe8f00e29a7
a5872d9f-b25a-40d7-a460-ad9c934fa0e4	documents/12828_zg9bRpX.jpg	12d4dd1f-84b8-4a13-a1c5-b1530357a40d
311a183a-20bf-46dc-9b27-6db6033af479	documents/african1.jpeg	12d4dd1f-84b8-4a13-a1c5-b1530357a40d
f2100a77-3fe3-43f3-af31-b11b07c4d6d5	documents/12828_DPOhDiV.jpg	7762c26a-11eb-4bce-92fa-c149c9356537
12ca947b-dbbf-4c32-9a8a-965b47a8e291	documents/african1_1WB6aFL.jpeg	7762c26a-11eb-4bce-92fa-c149c9356537
19c0c3f9-4267-4252-9c4c-27dfc0247753	documents/12828_J2fGGRh.jpg	25db8126-582f-4b2a-8f32-dd8047268ccc
fda9f037-35bc-4acd-8b2b-4d475c8733af	documents/african1_OGqsMrJ.jpeg	25db8126-582f-4b2a-8f32-dd8047268ccc
7df0c2c9-2b36-4a6a-86d7-510def99c44b	documents/12828_g2XQ5Yt.jpg	a4e1555b-24d7-4e61-8605-59d53e5ceb46
6da2b1ef-ebcd-4b26-b66e-ce113b03c87a	documents/african1_NKvStY2.jpeg	a4e1555b-24d7-4e61-8605-59d53e5ceb46
ec93653e-e1ad-4e7a-84ea-8c32d2b239e4	documents/12828_tyYut6b.jpg	36f69945-6fa6-42ad-ab85-144f1659ae2c
52f6073d-2ef4-4d7c-88d3-4b723de72d41	documents/african1_436PGhY.jpeg	36f69945-6fa6-42ad-ab85-144f1659ae2c
b1218fb1-69f6-4117-b450-c14092b023be	documents/12828_fZx5otZ.jpg	9ec8758c-0c51-4b56-9ba5-155e03f332f2
09b20e68-345d-4822-a94b-a8a98993928c	documents/african1_oE3snio.jpeg	9ec8758c-0c51-4b56-9ba5-155e03f332f2
6b2ff162-22fb-492f-afa7-39027b255818	documents/12828_x3TuY4u.jpg	863b64db-daff-4a08-a6de-3d131108e9dd
88c9d662-190a-4056-b493-486c4cf77759	documents/a5047acf-d055-43c7-a1c5-88a9d50fa4b5.webp	863b64db-daff-4a08-a6de-3d131108e9dd
e31aae21-2970-4d7c-970e-3f5188e464d6	documents/12828_fwOgRjg.jpg	3eca65df-f9bf-4d2e-826d-1f9a88a713f2
\.


--
-- Data for Name: e_cash_employee; Type: TABLE DATA; Schema: public; Owner: postgres
--

COPY public.e_cash_employee (matricle, username, email, time_created, password, status, tel) FROM stdin;
empl1245301	Chris KSAC	chris@gmail.com	2024-05-30 21:16:07.032774+02	pbkdf2_sha256$720000$2OkGXB6ZLZpXDnoVbW0eqq$GK57VFFfhI2I9wzdCQKLXR7R9hWq7rQicHXbaM2cChw=	active	675486952
emp1717155488229	Minsili Diane	diane25@gmail.com	2024-05-31 13:38:09.147881+02	pbkdf2_sha256$720000$8j6g3IYwhQps1Wh6FWN5g0$+9sMtuV1YJkX73vmgzsN4eJHLbJDGBdeYQJbwqYsc8o=	active	696953772
\.


--
-- Data for Name: e_cash_transaction; Type: TABLE DATA; Schema: public; Owner: postgres
--

COPY public.e_cash_transaction (transaction_id, transaction_type, transaction_date, transaction_amount) FROM stdin;
709adf91-993c-4790-ad44-a720ac39e8b1	deposit	2024-05-30 21:30:57.789592+02	15000
1411b6be-2e08-4988-877a-6f76bf2e23cc	deposit	2024-05-30 21:31:12.437643+02	15000
df5f84f5-a3a6-476a-8ffa-56df581426fc	withdraw	2024-05-30 22:48:46.646927+02	15000
28de1f29-6156-4089-a4f5-f93a41b50ca3	withdraw	2024-05-30 22:49:42.752194+02	15000
ba0f835b-3f21-4f9c-9c96-94e7ae980388	withdraw	2024-05-30 22:50:22.487942+02	15000
44195db9-9dba-449c-89d2-6a04fe07f245	withdraw	2024-05-30 22:52:22.732593+02	5000
d99c49b1-69bd-4512-a2a6-144cc11727da	deposit	2024-05-30 22:53:56.919767+02	5000
d149cdd2-57c0-4a11-9020-79984777b5b4	deposit	2024-05-31 11:26:23.907516+02	15000
e34b67f5-14b5-4325-ae19-aee9009d6dff	deposit	2024-05-31 11:29:57.969345+02	25000
cd5f7118-13b9-4373-967e-c1ea1da2f012	deposit	2024-05-31 11:32:56.513776+02	25000
acafc8e3-45ab-4e78-be52-7615cb9e57d0	deposit	2024-05-31 11:34:54.311911+02	25000
eb649dfe-7e74-4a24-97c5-19dd890c6ca1	deposit	2024-05-31 11:35:16.220211+02	25000
832b96cd-b836-4631-87ca-deaaab49a7d9	deposit	2024-05-31 11:36:38.729114+02	25000
b7ab3e67-bada-4ece-9c33-a3640a2aeeb4	deposit	2024-05-31 11:37:21.958637+02	25000
44291fa0-9832-48a3-9f4f-ee981400c1b2	deposit	2024-05-31 11:37:50.42118+02	25000
81cd17f5-abef-4dda-bb70-8ca164085ee8	deposit	2024-05-31 11:39:25.489019+02	25000
c5829bae-765e-4a32-8c89-a35c5e1935a3	deposit	2024-05-31 11:43:08.923307+02	25000
4b12ce01-1d2d-4aa2-8199-79181c2a14f9	deposit	2024-05-31 11:45:09.247778+02	25000
92753256-6200-4492-bc3d-a15b44051a13	deposit	2024-05-31 11:45:35.330127+02	25000
83f2d3e5-55c2-49d3-b188-77a781638078	deposit	2024-05-31 11:46:19.038357+02	25000
728632b4-c129-483f-8d3b-2b6e9ee936b8	deposit	2024-05-31 11:47:54.729675+02	25000
7f6cbe1a-c832-418b-8e85-73666a125a7f	deposit	2024-05-31 11:48:14.922596+02	25000
08b66f40-d888-45d4-9daa-fa90914b24d1	deposit	2024-05-31 11:49:54.530563+02	25000
2f0a1add-216a-4c4f-a840-fbcc40fc221a	deposit	2024-05-31 11:52:57.944942+02	25000
63905116-705a-4cf7-9c62-b139f0bbf35a	deposit	2024-05-31 11:55:30.703642+02	25000
87c594d8-05f1-4265-9fdc-9dc1614ec1ad	deposit	2024-05-31 12:04:17.54011+02	25000
44a8d3e2-3482-470c-8cbe-5b0bac0c0710	deposit	2024-05-31 12:06:23.718884+02	25000
744155f3-47a1-43f3-98ef-edccb5b18dcb	deposit	2024-05-31 12:07:28.900061+02	150
a385594c-33ce-4483-965e-549e259a4af2	deposit	2024-05-31 12:07:54.5901+02	150
5a5f2206-feec-4223-a378-b7870ba7340c	deposit	2024-05-31 12:09:37.352967+02	150
88054071-3c6c-482d-b708-71b2f65fe591	deposit	2024-05-31 12:37:23.56643+02	12000
5f4c8c18-e450-45e6-beae-06504e9ee79e	deposit	2024-05-31 15:45:04.214503+02	1500
85496931-50cc-473c-bd57-f96fdaa6c7d4	deposit	2024-05-31 15:46:59.249459+02	1500
49f5f05f-f2f2-490d-96dc-a9583d96206c	deposit	2024-05-31 15:56:28.216319+02	1500
1cb8f5b4-10f4-4a17-8706-c22fd4d33c8c	deposit	2024-05-31 16:01:15.22398+02	10000
7e3547b4-b732-498b-9029-cbe8f00e29a7	deposit	2024-05-31 16:02:43.726661+02	10000
12d4dd1f-84b8-4a13-a1c5-b1530357a40d	deposit	2024-05-31 16:12:51.345182+02	15000
7762c26a-11eb-4bce-92fa-c149c9356537	deposit	2024-05-31 16:13:59.777899+02	15000
25db8126-582f-4b2a-8f32-dd8047268ccc	deposit	2024-05-31 16:14:25.797241+02	15000
a4e1555b-24d7-4e61-8605-59d53e5ceb46	deposit	2024-05-31 16:15:16.91613+02	15000
36f69945-6fa6-42ad-ab85-144f1659ae2c	deposit	2024-05-31 16:16:08.251108+02	15000
9ec8758c-0c51-4b56-9ba5-155e03f332f2	deposit	2024-05-31 16:17:07.186582+02	1500
863b64db-daff-4a08-a6de-3d131108e9dd	deposit	2024-05-31 16:21:54.807281+02	10000
3eca65df-f9bf-4d2e-826d-1f9a88a713f2	withdraw	2024-05-31 16:59:08.69456+02	15000
\.


--
-- Data for Name: e_cash_transactionaccount; Type: TABLE DATA; Schema: public; Owner: postgres
--

COPY public.e_cash_transactionaccount (id, account_number_id, transaction_id_id, emp_matricle_id) FROM stdin;
1	b67b61a4-0fc2-4691-b5a0-f913e7fcb738	1411b6be-2e08-4988-877a-6f76bf2e23cc	empl1245301
2	b67b61a4-0fc2-4691-b5a0-f913e7fcb738	df5f84f5-a3a6-476a-8ffa-56df581426fc	empl1245301
3	b67b61a4-0fc2-4691-b5a0-f913e7fcb738	28de1f29-6156-4089-a4f5-f93a41b50ca3	empl1245301
4	b67b61a4-0fc2-4691-b5a0-f913e7fcb738	ba0f835b-3f21-4f9c-9c96-94e7ae980388	empl1245301
5	b67b61a4-0fc2-4691-b5a0-f913e7fcb738	44195db9-9dba-449c-89d2-6a04fe07f245	empl1245301
6	b67b61a4-0fc2-4691-b5a0-f913e7fcb738	d99c49b1-69bd-4512-a2a6-144cc11727da	empl1245301
7	b67b61a4-0fc2-4691-b5a0-f913e7fcb738	d149cdd2-57c0-4a11-9020-79984777b5b4	empl1245301
8	b67b61a4-0fc2-4691-b5a0-f913e7fcb738	e34b67f5-14b5-4325-ae19-aee9009d6dff	empl1245301
9	96c400cb-106e-4e40-9c53-efc40755274f	85496931-50cc-473c-bd57-f96fdaa6c7d4	empl1245301
10	96c400cb-106e-4e40-9c53-efc40755274f	7e3547b4-b732-498b-9029-cbe8f00e29a7	empl1245301
11	96c400cb-106e-4e40-9c53-efc40755274f	12d4dd1f-84b8-4a13-a1c5-b1530357a40d	empl1245301
12	96c400cb-106e-4e40-9c53-efc40755274f	7762c26a-11eb-4bce-92fa-c149c9356537	empl1245301
13	96c400cb-106e-4e40-9c53-efc40755274f	25db8126-582f-4b2a-8f32-dd8047268ccc	empl1245301
14	96c400cb-106e-4e40-9c53-efc40755274f	a4e1555b-24d7-4e61-8605-59d53e5ceb46	empl1245301
15	96c400cb-106e-4e40-9c53-efc40755274f	36f69945-6fa6-42ad-ab85-144f1659ae2c	empl1245301
16	96c400cb-106e-4e40-9c53-efc40755274f	9ec8758c-0c51-4b56-9ba5-155e03f332f2	empl1245301
17	96c400cb-106e-4e40-9c53-efc40755274f	863b64db-daff-4a08-a6de-3d131108e9dd	empl1245301
18	b67b61a4-0fc2-4691-b5a0-f913e7fcb738	3eca65df-f9bf-4d2e-826d-1f9a88a713f2	empl1245301
\.


--
-- Name: auth_group_id_seq; Type: SEQUENCE SET; Schema: public; Owner: postgres
--

SELECT pg_catalog.setval('public.auth_group_id_seq', 1, false);


--
-- Name: auth_group_permissions_id_seq; Type: SEQUENCE SET; Schema: public; Owner: postgres
--

SELECT pg_catalog.setval('public.auth_group_permissions_id_seq', 1, false);


--
-- Name: auth_permission_id_seq; Type: SEQUENCE SET; Schema: public; Owner: postgres
--

SELECT pg_catalog.setval('public.auth_permission_id_seq', 72, true);


--
-- Name: auth_user_groups_id_seq; Type: SEQUENCE SET; Schema: public; Owner: postgres
--

SELECT pg_catalog.setval('public.auth_user_groups_id_seq', 1, false);


--
-- Name: auth_user_id_seq; Type: SEQUENCE SET; Schema: public; Owner: postgres
--

SELECT pg_catalog.setval('public.auth_user_id_seq', 7, true);


--
-- Name: auth_user_user_permissions_id_seq; Type: SEQUENCE SET; Schema: public; Owner: postgres
--

SELECT pg_catalog.setval('public.auth_user_user_permissions_id_seq', 1, false);


--
-- Name: django_admin_log_id_seq; Type: SEQUENCE SET; Schema: public; Owner: postgres
--

SELECT pg_catalog.setval('public.django_admin_log_id_seq', 1, false);


--
-- Name: django_content_type_id_seq; Type: SEQUENCE SET; Schema: public; Owner: postgres
--

SELECT pg_catalog.setval('public.django_content_type_id_seq', 18, true);


--
-- Name: django_migrations_id_seq; Type: SEQUENCE SET; Schema: public; Owner: postgres
--

SELECT pg_catalog.setval('public.django_migrations_id_seq', 28, true);


--
-- Name: e_cash_atmtransactaccount_id_seq; Type: SEQUENCE SET; Schema: public; Owner: postgres
--

SELECT pg_catalog.setval('public.e_cash_atmtransactaccount_id_seq', 1, false);


--
-- Name: e_cash_transactionaccount_id_seq; Type: SEQUENCE SET; Schema: public; Owner: postgres
--

SELECT pg_catalog.setval('public.e_cash_transactionaccount_id_seq', 18, true);


--
-- Name: auth_group auth_group_name_key; Type: CONSTRAINT; Schema: public; Owner: postgres
--

ALTER TABLE ONLY public.auth_group
    ADD CONSTRAINT auth_group_name_key UNIQUE (name);


--
-- Name: auth_group_permissions auth_group_permissions_group_id_permission_id_0cd325b0_uniq; Type: CONSTRAINT; Schema: public; Owner: postgres
--

ALTER TABLE ONLY public.auth_group_permissions
    ADD CONSTRAINT auth_group_permissions_group_id_permission_id_0cd325b0_uniq UNIQUE (group_id, permission_id);


--
-- Name: auth_group_permissions auth_group_permissions_pkey; Type: CONSTRAINT; Schema: public; Owner: postgres
--

ALTER TABLE ONLY public.auth_group_permissions
    ADD CONSTRAINT auth_group_permissions_pkey PRIMARY KEY (id);


--
-- Name: auth_group auth_group_pkey; Type: CONSTRAINT; Schema: public; Owner: postgres
--

ALTER TABLE ONLY public.auth_group
    ADD CONSTRAINT auth_group_pkey PRIMARY KEY (id);


--
-- Name: auth_permission auth_permission_content_type_id_codename_01ab375a_uniq; Type: CONSTRAINT; Schema: public; Owner: postgres
--

ALTER TABLE ONLY public.auth_permission
    ADD CONSTRAINT auth_permission_content_type_id_codename_01ab375a_uniq UNIQUE (content_type_id, codename);


--
-- Name: auth_permission auth_permission_pkey; Type: CONSTRAINT; Schema: public; Owner: postgres
--

ALTER TABLE ONLY public.auth_permission
    ADD CONSTRAINT auth_permission_pkey PRIMARY KEY (id);


--
-- Name: auth_user_groups auth_user_groups_pkey; Type: CONSTRAINT; Schema: public; Owner: postgres
--

ALTER TABLE ONLY public.auth_user_groups
    ADD CONSTRAINT auth_user_groups_pkey PRIMARY KEY (id);


--
-- Name: auth_user_groups auth_user_groups_user_id_group_id_94350c0c_uniq; Type: CONSTRAINT; Schema: public; Owner: postgres
--

ALTER TABLE ONLY public.auth_user_groups
    ADD CONSTRAINT auth_user_groups_user_id_group_id_94350c0c_uniq UNIQUE (user_id, group_id);


--
-- Name: auth_user auth_user_pkey; Type: CONSTRAINT; Schema: public; Owner: postgres
--

ALTER TABLE ONLY public.auth_user
    ADD CONSTRAINT auth_user_pkey PRIMARY KEY (id);


--
-- Name: auth_user_user_permissions auth_user_user_permissions_pkey; Type: CONSTRAINT; Schema: public; Owner: postgres
--

ALTER TABLE ONLY public.auth_user_user_permissions
    ADD CONSTRAINT auth_user_user_permissions_pkey PRIMARY KEY (id);


--
-- Name: auth_user_user_permissions auth_user_user_permissions_user_id_permission_id_14a6b632_uniq; Type: CONSTRAINT; Schema: public; Owner: postgres
--

ALTER TABLE ONLY public.auth_user_user_permissions
    ADD CONSTRAINT auth_user_user_permissions_user_id_permission_id_14a6b632_uniq UNIQUE (user_id, permission_id);


--
-- Name: auth_user auth_user_username_key; Type: CONSTRAINT; Schema: public; Owner: postgres
--

ALTER TABLE ONLY public.auth_user
    ADD CONSTRAINT auth_user_username_key UNIQUE (username);


--
-- Name: authtoken_token authtoken_token_pkey; Type: CONSTRAINT; Schema: public; Owner: postgres
--

ALTER TABLE ONLY public.authtoken_token
    ADD CONSTRAINT authtoken_token_pkey PRIMARY KEY (key);


--
-- Name: authtoken_token authtoken_token_user_id_key; Type: CONSTRAINT; Schema: public; Owner: postgres
--

ALTER TABLE ONLY public.authtoken_token
    ADD CONSTRAINT authtoken_token_user_id_key UNIQUE (user_id);


--
-- Name: django_admin_log django_admin_log_pkey; Type: CONSTRAINT; Schema: public; Owner: postgres
--

ALTER TABLE ONLY public.django_admin_log
    ADD CONSTRAINT django_admin_log_pkey PRIMARY KEY (id);


--
-- Name: django_content_type django_content_type_app_label_model_76bd3d3b_uniq; Type: CONSTRAINT; Schema: public; Owner: postgres
--

ALTER TABLE ONLY public.django_content_type
    ADD CONSTRAINT django_content_type_app_label_model_76bd3d3b_uniq UNIQUE (app_label, model);


--
-- Name: django_content_type django_content_type_pkey; Type: CONSTRAINT; Schema: public; Owner: postgres
--

ALTER TABLE ONLY public.django_content_type
    ADD CONSTRAINT django_content_type_pkey PRIMARY KEY (id);


--
-- Name: django_migrations django_migrations_pkey; Type: CONSTRAINT; Schema: public; Owner: postgres
--

ALTER TABLE ONLY public.django_migrations
    ADD CONSTRAINT django_migrations_pkey PRIMARY KEY (id);


--
-- Name: django_session django_session_pkey; Type: CONSTRAINT; Schema: public; Owner: postgres
--

ALTER TABLE ONLY public.django_session
    ADD CONSTRAINT django_session_pkey PRIMARY KEY (session_key);


--
-- Name: e_cash_admin e_cash_admin_pkey; Type: CONSTRAINT; Schema: public; Owner: postgres
--

ALTER TABLE ONLY public.e_cash_admin
    ADD CONSTRAINT e_cash_admin_pkey PRIMARY KEY (admin_id);


--
-- Name: e_cash_atm e_cash_atm_pkey; Type: CONSTRAINT; Schema: public; Owner: postgres
--

ALTER TABLE ONLY public.e_cash_atm
    ADD CONSTRAINT e_cash_atm_pkey PRIMARY KEY (atm_id);


--
-- Name: e_cash_atmtransactaccount e_cash_atmtransactaccount_pkey; Type: CONSTRAINT; Schema: public; Owner: postgres
--

ALTER TABLE ONLY public.e_cash_atmtransactaccount
    ADD CONSTRAINT e_cash_atmtransactaccount_pkey PRIMARY KEY (id);


--
-- Name: e_cash_bankcard e_cash_bankcard_pkey; Type: CONSTRAINT; Schema: public; Owner: postgres
--

ALTER TABLE ONLY public.e_cash_bankcard
    ADD CONSTRAINT e_cash_bankcard_pkey PRIMARY KEY (account_number);


--
-- Name: e_cash_client e_cash_client_email_key; Type: CONSTRAINT; Schema: public; Owner: postgres
--

ALTER TABLE ONLY public.e_cash_client
    ADD CONSTRAINT e_cash_client_email_key UNIQUE (email);


--
-- Name: e_cash_client e_cash_client_pkey; Type: CONSTRAINT; Schema: public; Owner: postgres
--

ALTER TABLE ONLY public.e_cash_client
    ADD CONSTRAINT e_cash_client_pkey PRIMARY KEY (client_id);


--
-- Name: e_cash_documents e_cash_documents_pkey; Type: CONSTRAINT; Schema: public; Owner: postgres
--

ALTER TABLE ONLY public.e_cash_documents
    ADD CONSTRAINT e_cash_documents_pkey PRIMARY KEY (document_id);


--
-- Name: e_cash_employee e_cash_employee_email_key; Type: CONSTRAINT; Schema: public; Owner: postgres
--

ALTER TABLE ONLY public.e_cash_employee
    ADD CONSTRAINT e_cash_employee_email_key UNIQUE (email);


--
-- Name: e_cash_employee e_cash_employee_pkey; Type: CONSTRAINT; Schema: public; Owner: postgres
--

ALTER TABLE ONLY public.e_cash_employee
    ADD CONSTRAINT e_cash_employee_pkey PRIMARY KEY (matricle);


--
-- Name: e_cash_transaction e_cash_transaction_pkey; Type: CONSTRAINT; Schema: public; Owner: postgres
--

ALTER TABLE ONLY public.e_cash_transaction
    ADD CONSTRAINT e_cash_transaction_pkey PRIMARY KEY (transaction_id);


--
-- Name: e_cash_transactionaccount e_cash_transactionaccount_pkey; Type: CONSTRAINT; Schema: public; Owner: postgres
--

ALTER TABLE ONLY public.e_cash_transactionaccount
    ADD CONSTRAINT e_cash_transactionaccount_pkey PRIMARY KEY (id);


--
-- Name: auth_group_name_a6ea08ec_like; Type: INDEX; Schema: public; Owner: postgres
--

CREATE INDEX auth_group_name_a6ea08ec_like ON public.auth_group USING btree (name varchar_pattern_ops);


--
-- Name: auth_group_permissions_group_id_b120cbf9; Type: INDEX; Schema: public; Owner: postgres
--

CREATE INDEX auth_group_permissions_group_id_b120cbf9 ON public.auth_group_permissions USING btree (group_id);


--
-- Name: auth_group_permissions_permission_id_84c5c92e; Type: INDEX; Schema: public; Owner: postgres
--

CREATE INDEX auth_group_permissions_permission_id_84c5c92e ON public.auth_group_permissions USING btree (permission_id);


--
-- Name: auth_permission_content_type_id_2f476e4b; Type: INDEX; Schema: public; Owner: postgres
--

CREATE INDEX auth_permission_content_type_id_2f476e4b ON public.auth_permission USING btree (content_type_id);


--
-- Name: auth_user_groups_group_id_97559544; Type: INDEX; Schema: public; Owner: postgres
--

CREATE INDEX auth_user_groups_group_id_97559544 ON public.auth_user_groups USING btree (group_id);


--
-- Name: auth_user_groups_user_id_6a12ed8b; Type: INDEX; Schema: public; Owner: postgres
--

CREATE INDEX auth_user_groups_user_id_6a12ed8b ON public.auth_user_groups USING btree (user_id);


--
-- Name: auth_user_user_permissions_permission_id_1fbb5f2c; Type: INDEX; Schema: public; Owner: postgres
--

CREATE INDEX auth_user_user_permissions_permission_id_1fbb5f2c ON public.auth_user_user_permissions USING btree (permission_id);


--
-- Name: auth_user_user_permissions_user_id_a95ead1b; Type: INDEX; Schema: public; Owner: postgres
--

CREATE INDEX auth_user_user_permissions_user_id_a95ead1b ON public.auth_user_user_permissions USING btree (user_id);


--
-- Name: auth_user_username_6821ab7c_like; Type: INDEX; Schema: public; Owner: postgres
--

CREATE INDEX auth_user_username_6821ab7c_like ON public.auth_user USING btree (username varchar_pattern_ops);


--
-- Name: authtoken_token_key_10f0b77e_like; Type: INDEX; Schema: public; Owner: postgres
--

CREATE INDEX authtoken_token_key_10f0b77e_like ON public.authtoken_token USING btree (key varchar_pattern_ops);


--
-- Name: django_admin_log_content_type_id_c4bce8eb; Type: INDEX; Schema: public; Owner: postgres
--

CREATE INDEX django_admin_log_content_type_id_c4bce8eb ON public.django_admin_log USING btree (content_type_id);


--
-- Name: django_admin_log_user_id_c564eba6; Type: INDEX; Schema: public; Owner: postgres
--

CREATE INDEX django_admin_log_user_id_c564eba6 ON public.django_admin_log USING btree (user_id);


--
-- Name: django_session_expire_date_a5c62663; Type: INDEX; Schema: public; Owner: postgres
--

CREATE INDEX django_session_expire_date_a5c62663 ON public.django_session USING btree (expire_date);


--
-- Name: django_session_session_key_c0390e0f_like; Type: INDEX; Schema: public; Owner: postgres
--

CREATE INDEX django_session_session_key_c0390e0f_like ON public.django_session USING btree (session_key varchar_pattern_ops);


--
-- Name: e_cash_admin_admin_id_effe8a8b_like; Type: INDEX; Schema: public; Owner: postgres
--

CREATE INDEX e_cash_admin_admin_id_effe8a8b_like ON public.e_cash_admin USING btree (admin_id varchar_pattern_ops);


--
-- Name: e_cash_atm_atm_id_4a5b5680_like; Type: INDEX; Schema: public; Owner: postgres
--

CREATE INDEX e_cash_atm_atm_id_4a5b5680_like ON public.e_cash_atm USING btree (atm_id varchar_pattern_ops);


--
-- Name: e_cash_atmtransactaccount_account_number_id_3276bdd9; Type: INDEX; Schema: public; Owner: postgres
--

CREATE INDEX e_cash_atmtransactaccount_account_number_id_3276bdd9 ON public.e_cash_atmtransactaccount USING btree (account_number_id);


--
-- Name: e_cash_atmtransactaccount_account_number_id_3276bdd9_like; Type: INDEX; Schema: public; Owner: postgres
--

CREATE INDEX e_cash_atmtransactaccount_account_number_id_3276bdd9_like ON public.e_cash_atmtransactaccount USING btree (account_number_id varchar_pattern_ops);


--
-- Name: e_cash_atmtransactaccount_atm_id_id_af8dc8a8; Type: INDEX; Schema: public; Owner: postgres
--

CREATE INDEX e_cash_atmtransactaccount_atm_id_id_af8dc8a8 ON public.e_cash_atmtransactaccount USING btree (atm_id_id);


--
-- Name: e_cash_atmtransactaccount_atm_id_id_af8dc8a8_like; Type: INDEX; Schema: public; Owner: postgres
--

CREATE INDEX e_cash_atmtransactaccount_atm_id_id_af8dc8a8_like ON public.e_cash_atmtransactaccount USING btree (atm_id_id varchar_pattern_ops);


--
-- Name: e_cash_atmtransactaccount_emp_matricle_id_ff92b623; Type: INDEX; Schema: public; Owner: postgres
--

CREATE INDEX e_cash_atmtransactaccount_emp_matricle_id_ff92b623 ON public.e_cash_atmtransactaccount USING btree (emp_matricle_id);


--
-- Name: e_cash_atmtransactaccount_emp_matricle_id_ff92b623_like; Type: INDEX; Schema: public; Owner: postgres
--

CREATE INDEX e_cash_atmtransactaccount_emp_matricle_id_ff92b623_like ON public.e_cash_atmtransactaccount USING btree (emp_matricle_id varchar_pattern_ops);


--
-- Name: e_cash_atmtransactaccount_transaction_id_id_7b1a4b44; Type: INDEX; Schema: public; Owner: postgres
--

CREATE INDEX e_cash_atmtransactaccount_transaction_id_id_7b1a4b44 ON public.e_cash_atmtransactaccount USING btree (transaction_id_id);


--
-- Name: e_cash_atmtransactaccount_transaction_id_id_7b1a4b44_like; Type: INDEX; Schema: public; Owner: postgres
--

CREATE INDEX e_cash_atmtransactaccount_transaction_id_id_7b1a4b44_like ON public.e_cash_atmtransactaccount USING btree (transaction_id_id varchar_pattern_ops);


--
-- Name: e_cash_bankcard_account_number_22f80864_like; Type: INDEX; Schema: public; Owner: postgres
--

CREATE INDEX e_cash_bankcard_account_number_22f80864_like ON public.e_cash_bankcard USING btree (account_number varchar_pattern_ops);


--
-- Name: e_cash_bankcard_client_id_3371a07f; Type: INDEX; Schema: public; Owner: postgres
--

CREATE INDEX e_cash_bankcard_client_id_3371a07f ON public.e_cash_bankcard USING btree (client_id);


--
-- Name: e_cash_bankcard_client_id_3371a07f_like; Type: INDEX; Schema: public; Owner: postgres
--

CREATE INDEX e_cash_bankcard_client_id_3371a07f_like ON public.e_cash_bankcard USING btree (client_id varchar_pattern_ops);


--
-- Name: e_cash_client_client_id_1ccb392f_like; Type: INDEX; Schema: public; Owner: postgres
--

CREATE INDEX e_cash_client_client_id_1ccb392f_like ON public.e_cash_client USING btree (client_id varchar_pattern_ops);


--
-- Name: e_cash_client_email_fe7898f5_like; Type: INDEX; Schema: public; Owner: postgres
--

CREATE INDEX e_cash_client_email_fe7898f5_like ON public.e_cash_client USING btree (email varchar_pattern_ops);


--
-- Name: e_cash_documents_document_id_fea50a43_like; Type: INDEX; Schema: public; Owner: postgres
--

CREATE INDEX e_cash_documents_document_id_fea50a43_like ON public.e_cash_documents USING btree (document_id varchar_pattern_ops);


--
-- Name: e_cash_documents_transaction_id_id_4cc9c3b6; Type: INDEX; Schema: public; Owner: postgres
--

CREATE INDEX e_cash_documents_transaction_id_id_4cc9c3b6 ON public.e_cash_documents USING btree (transaction_id_id);


--
-- Name: e_cash_documents_transaction_id_id_4cc9c3b6_like; Type: INDEX; Schema: public; Owner: postgres
--

CREATE INDEX e_cash_documents_transaction_id_id_4cc9c3b6_like ON public.e_cash_documents USING btree (transaction_id_id varchar_pattern_ops);


--
-- Name: e_cash_employee_email_94eb86d5_like; Type: INDEX; Schema: public; Owner: postgres
--

CREATE INDEX e_cash_employee_email_94eb86d5_like ON public.e_cash_employee USING btree (email varchar_pattern_ops);


--
-- Name: e_cash_employee_matricle_1771b8c2_like; Type: INDEX; Schema: public; Owner: postgres
--

CREATE INDEX e_cash_employee_matricle_1771b8c2_like ON public.e_cash_employee USING btree (matricle varchar_pattern_ops);


--
-- Name: e_cash_transaction_transaction_id_46222876_like; Type: INDEX; Schema: public; Owner: postgres
--

CREATE INDEX e_cash_transaction_transaction_id_46222876_like ON public.e_cash_transaction USING btree (transaction_id varchar_pattern_ops);


--
-- Name: e_cash_transactionaccount_account_number_id_0b0a01f6; Type: INDEX; Schema: public; Owner: postgres
--

CREATE INDEX e_cash_transactionaccount_account_number_id_0b0a01f6 ON public.e_cash_transactionaccount USING btree (account_number_id);


--
-- Name: e_cash_transactionaccount_account_number_id_0b0a01f6_like; Type: INDEX; Schema: public; Owner: postgres
--

CREATE INDEX e_cash_transactionaccount_account_number_id_0b0a01f6_like ON public.e_cash_transactionaccount USING btree (account_number_id varchar_pattern_ops);


--
-- Name: e_cash_transactionaccount_emp_matricle_id_0b9b1cfc; Type: INDEX; Schema: public; Owner: postgres
--

CREATE INDEX e_cash_transactionaccount_emp_matricle_id_0b9b1cfc ON public.e_cash_transactionaccount USING btree (emp_matricle_id);


--
-- Name: e_cash_transactionaccount_emp_matricle_id_0b9b1cfc_like; Type: INDEX; Schema: public; Owner: postgres
--

CREATE INDEX e_cash_transactionaccount_emp_matricle_id_0b9b1cfc_like ON public.e_cash_transactionaccount USING btree (emp_matricle_id varchar_pattern_ops);


--
-- Name: e_cash_transactionaccount_transaction_id_id_c438c57b; Type: INDEX; Schema: public; Owner: postgres
--

CREATE INDEX e_cash_transactionaccount_transaction_id_id_c438c57b ON public.e_cash_transactionaccount USING btree (transaction_id_id);


--
-- Name: e_cash_transactionaccount_transaction_id_id_c438c57b_like; Type: INDEX; Schema: public; Owner: postgres
--

CREATE INDEX e_cash_transactionaccount_transaction_id_id_c438c57b_like ON public.e_cash_transactionaccount USING btree (transaction_id_id varchar_pattern_ops);


--
-- Name: auth_group_permissions auth_group_permissio_permission_id_84c5c92e_fk_auth_perm; Type: FK CONSTRAINT; Schema: public; Owner: postgres
--

ALTER TABLE ONLY public.auth_group_permissions
    ADD CONSTRAINT auth_group_permissio_permission_id_84c5c92e_fk_auth_perm FOREIGN KEY (permission_id) REFERENCES public.auth_permission(id) DEFERRABLE INITIALLY DEFERRED;


--
-- Name: auth_group_permissions auth_group_permissions_group_id_b120cbf9_fk_auth_group_id; Type: FK CONSTRAINT; Schema: public; Owner: postgres
--

ALTER TABLE ONLY public.auth_group_permissions
    ADD CONSTRAINT auth_group_permissions_group_id_b120cbf9_fk_auth_group_id FOREIGN KEY (group_id) REFERENCES public.auth_group(id) DEFERRABLE INITIALLY DEFERRED;


--
-- Name: auth_permission auth_permission_content_type_id_2f476e4b_fk_django_co; Type: FK CONSTRAINT; Schema: public; Owner: postgres
--

ALTER TABLE ONLY public.auth_permission
    ADD CONSTRAINT auth_permission_content_type_id_2f476e4b_fk_django_co FOREIGN KEY (content_type_id) REFERENCES public.django_content_type(id) DEFERRABLE INITIALLY DEFERRED;


--
-- Name: auth_user_groups auth_user_groups_group_id_97559544_fk_auth_group_id; Type: FK CONSTRAINT; Schema: public; Owner: postgres
--

ALTER TABLE ONLY public.auth_user_groups
    ADD CONSTRAINT auth_user_groups_group_id_97559544_fk_auth_group_id FOREIGN KEY (group_id) REFERENCES public.auth_group(id) DEFERRABLE INITIALLY DEFERRED;


--
-- Name: auth_user_groups auth_user_groups_user_id_6a12ed8b_fk_auth_user_id; Type: FK CONSTRAINT; Schema: public; Owner: postgres
--

ALTER TABLE ONLY public.auth_user_groups
    ADD CONSTRAINT auth_user_groups_user_id_6a12ed8b_fk_auth_user_id FOREIGN KEY (user_id) REFERENCES public.auth_user(id) DEFERRABLE INITIALLY DEFERRED;


--
-- Name: auth_user_user_permissions auth_user_user_permi_permission_id_1fbb5f2c_fk_auth_perm; Type: FK CONSTRAINT; Schema: public; Owner: postgres
--

ALTER TABLE ONLY public.auth_user_user_permissions
    ADD CONSTRAINT auth_user_user_permi_permission_id_1fbb5f2c_fk_auth_perm FOREIGN KEY (permission_id) REFERENCES public.auth_permission(id) DEFERRABLE INITIALLY DEFERRED;


--
-- Name: auth_user_user_permissions auth_user_user_permissions_user_id_a95ead1b_fk_auth_user_id; Type: FK CONSTRAINT; Schema: public; Owner: postgres
--

ALTER TABLE ONLY public.auth_user_user_permissions
    ADD CONSTRAINT auth_user_user_permissions_user_id_a95ead1b_fk_auth_user_id FOREIGN KEY (user_id) REFERENCES public.auth_user(id) DEFERRABLE INITIALLY DEFERRED;


--
-- Name: authtoken_token authtoken_token_user_id_35299eff_fk_auth_user_id; Type: FK CONSTRAINT; Schema: public; Owner: postgres
--

ALTER TABLE ONLY public.authtoken_token
    ADD CONSTRAINT authtoken_token_user_id_35299eff_fk_auth_user_id FOREIGN KEY (user_id) REFERENCES public.auth_user(id) DEFERRABLE INITIALLY DEFERRED;


--
-- Name: django_admin_log django_admin_log_content_type_id_c4bce8eb_fk_django_co; Type: FK CONSTRAINT; Schema: public; Owner: postgres
--

ALTER TABLE ONLY public.django_admin_log
    ADD CONSTRAINT django_admin_log_content_type_id_c4bce8eb_fk_django_co FOREIGN KEY (content_type_id) REFERENCES public.django_content_type(id) DEFERRABLE INITIALLY DEFERRED;


--
-- Name: django_admin_log django_admin_log_user_id_c564eba6_fk_auth_user_id; Type: FK CONSTRAINT; Schema: public; Owner: postgres
--

ALTER TABLE ONLY public.django_admin_log
    ADD CONSTRAINT django_admin_log_user_id_c564eba6_fk_auth_user_id FOREIGN KEY (user_id) REFERENCES public.auth_user(id) DEFERRABLE INITIALLY DEFERRED;


--
-- Name: e_cash_atmtransactaccount e_cash_atmtransactac_atm_id_id_af8dc8a8_fk_e_cash_at; Type: FK CONSTRAINT; Schema: public; Owner: postgres
--

ALTER TABLE ONLY public.e_cash_atmtransactaccount
    ADD CONSTRAINT e_cash_atmtransactac_atm_id_id_af8dc8a8_fk_e_cash_at FOREIGN KEY (atm_id_id) REFERENCES public.e_cash_atm(atm_id) DEFERRABLE INITIALLY DEFERRED;


--
-- Name: e_cash_atmtransactaccount e_cash_atmtransactac_emp_matricle_id_ff92b623_fk_e_cash_em; Type: FK CONSTRAINT; Schema: public; Owner: postgres
--

ALTER TABLE ONLY public.e_cash_atmtransactaccount
    ADD CONSTRAINT e_cash_atmtransactac_emp_matricle_id_ff92b623_fk_e_cash_em FOREIGN KEY (emp_matricle_id) REFERENCES public.e_cash_employee(matricle) DEFERRABLE INITIALLY DEFERRED;


--
-- Name: e_cash_atmtransactaccount e_cash_atmtransactac_transaction_id_id_7b1a4b44_fk_e_cash_tr; Type: FK CONSTRAINT; Schema: public; Owner: postgres
--

ALTER TABLE ONLY public.e_cash_atmtransactaccount
    ADD CONSTRAINT e_cash_atmtransactac_transaction_id_id_7b1a4b44_fk_e_cash_tr FOREIGN KEY (transaction_id_id) REFERENCES public.e_cash_transaction(transaction_id) DEFERRABLE INITIALLY DEFERRED;


--
-- Name: e_cash_atmtransactaccount e_cash_atmtransactaccount_account_number_id_3276bdd9_fk; Type: FK CONSTRAINT; Schema: public; Owner: postgres
--

ALTER TABLE ONLY public.e_cash_atmtransactaccount
    ADD CONSTRAINT e_cash_atmtransactaccount_account_number_id_3276bdd9_fk FOREIGN KEY (account_number_id) REFERENCES public.e_cash_bankcard(account_number) DEFERRABLE INITIALLY DEFERRED;


--
-- Name: e_cash_bankcard e_cash_bankcard_client_id_3371a07f_fk_e_cash_client_client_id; Type: FK CONSTRAINT; Schema: public; Owner: postgres
--

ALTER TABLE ONLY public.e_cash_bankcard
    ADD CONSTRAINT e_cash_bankcard_client_id_3371a07f_fk_e_cash_client_client_id FOREIGN KEY (client_id) REFERENCES public.e_cash_client(client_id) DEFERRABLE INITIALLY DEFERRED;


--
-- Name: e_cash_documents e_cash_documents_transaction_id_id_4cc9c3b6_fk_e_cash_tr; Type: FK CONSTRAINT; Schema: public; Owner: postgres
--

ALTER TABLE ONLY public.e_cash_documents
    ADD CONSTRAINT e_cash_documents_transaction_id_id_4cc9c3b6_fk_e_cash_tr FOREIGN KEY (transaction_id_id) REFERENCES public.e_cash_transaction(transaction_id) DEFERRABLE INITIALLY DEFERRED;


--
-- Name: e_cash_transactionaccount e_cash_transactionac_emp_matricle_id_0b9b1cfc_fk_e_cash_em; Type: FK CONSTRAINT; Schema: public; Owner: postgres
--

ALTER TABLE ONLY public.e_cash_transactionaccount
    ADD CONSTRAINT e_cash_transactionac_emp_matricle_id_0b9b1cfc_fk_e_cash_em FOREIGN KEY (emp_matricle_id) REFERENCES public.e_cash_employee(matricle) DEFERRABLE INITIALLY DEFERRED;


--
-- Name: e_cash_transactionaccount e_cash_transactionac_transaction_id_id_c438c57b_fk_e_cash_tr; Type: FK CONSTRAINT; Schema: public; Owner: postgres
--

ALTER TABLE ONLY public.e_cash_transactionaccount
    ADD CONSTRAINT e_cash_transactionac_transaction_id_id_c438c57b_fk_e_cash_tr FOREIGN KEY (transaction_id_id) REFERENCES public.e_cash_transaction(transaction_id) DEFERRABLE INITIALLY DEFERRED;


--
-- Name: e_cash_transactionaccount e_cash_transactionaccount_account_number_id_0b0a01f6_fk; Type: FK CONSTRAINT; Schema: public; Owner: postgres
--

ALTER TABLE ONLY public.e_cash_transactionaccount
    ADD CONSTRAINT e_cash_transactionaccount_account_number_id_0b0a01f6_fk FOREIGN KEY (account_number_id) REFERENCES public.e_cash_bankcard(account_number) DEFERRABLE INITIALLY DEFERRED;


--
-- PostgreSQL database dump complete
--

